individual_tree_id;species_id;method;year_monitored;branching;canopy_size;height;health;years_after_planting
925;282;PowerCoat;2018;NA;nan;64;NA;0
924;282;PowerCoat;2018;NA;nan;48;NA;0
919;282;PowerCoat;2018;NA;nan;32;NA;0
905;284;PowerCoat;2018;NA;nan;50;NA;0
903;284;PowerCoat;2018;NA;nan;46;NA;0
901;284;PowerCoat;2018;NA;nan;62;NA;0
931;282;PowerCoat;2018;NA;nan;30;NA;0
928;282;Mycorrhiza;2018;NA;nan;28;NA;0
929;282;PowerCoat;2018;NA;nan;52;NA;0
930;284;Mycorrhiza;2018;NA;nan;64;NA;0
1794;282;PowerCoat;2018;NA;nan;58;NA;0
1782;284;PowerCoat;2018;NA;nan;66;NA;0
1792;284;PowerCoat;2018;NA;nan;74;NA;0
1764;284;PowerCoat;2018;NA;nan;64;NA;0
1768;284;PowerCoat;2018;NA;nan;66;NA;0
1778;282;PowerCoat;2018;NA;nan;52;NA;0
1740;282;PowerCoat;2018;NA;nan;52;NA;0
1748;282;PowerCoat;2018;NA;nan;60;NA;0
1742;282;Mycorrhiza;2018;NA;nan;34;NA;0
1746;282;PowerCoat;2018;NA;nan;36;NA;0
1750;285;Mycorrhiza;2018;NA;nan;50;NA;0
1741;285;Mycorrhiza;2018;NA;nan;42;NA;0
1737;280;Fencing;2018;NA;nan;36;NA;0
1717;285;Fencing;2018;NA;nan;44;NA;0
1714;283;Fencing;2018;NA;nan;66;NA;0
1710;280;Fencing;2018;NA;nan;44;NA;0
1721;283;Fencing;2018;NA;nan;80;NA;0
1718;285;Fencing;2018;NA;nan;40;NA;0
1719;284;PowerCoat;2018;NA;nan;52;NA;0
955;285;Mycorrhiza;2018;NA;nan;44;NA;0
957;281;Mycorrhiza;2018;NA;nan;46;NA;0
958;280;Mycorrhiza;2018;NA;nan;92;NA;0
959;281;Mycorrhiza;2018;NA;nan;46;NA;0
960;285;Mycorrhiza;2018;NA;nan;36;NA;0
961;280;Mycorrhiza;2018;NA;nan;26;NA;0
963;280;Mycorrhiza;2018;NA;nan;28;NA;0
965;283;Mycorrhiza;2018;NA;nan;30;NA;0
970;283;Fencing;2018;NA;nan;38;NA;0
969;283;Fencing;2018;NA;nan;32;NA;0
968;280;Fencing;2018;NA;nan;36;NA;0
967;283;Fencing;2018;NA;nan;24;NA;0
973;283;Fencing;2018;NA;nan;40;NA;0
972;284;Fencing;2018;NA;nan;60;NA;0
978;283;Fencing;2018;NA;nan;38;NA;0
976;280;Fencing;2018;NA;nan;54;NA;0
982;280;Fencing;2018;NA;nan;50;NA;0
981;283;Fencing;2018;NA;nan;40;NA;0
979;282;Mycorrhiza;2018;NA;nan;58;NA;0
980;282;Mycorrhiza;2018;NA;nan;50;NA;0
986;285;Mycorrhiza;2018;NA;nan;52;NA;0
983;285;Mycorrhiza;2018;NA;nan;48;NA;0
985;281;Mycorrhiza;2018;NA;nan;24;NA;0
990;280;Mycorrhiza;2018;NA;nan;34;NA;0
991;285;Mycorrhiza;2018;NA;nan;30;NA;0
993;282;Mycorrhiza;2018;NA;nan;54;NA;0
1040;281;Mycorrhiza;2018;NA;nan;36;NA;0
1041;285;Mycorrhiza;2018;NA;nan;40;NA;0
1046;284;Mycorrhiza;2018;NA;nan;64;NA;0
1048;280;Mycorrhiza;2018;NA;nan;26;NA;0
1050;283;Mycorrhiza;2018;NA;nan;16;NA;0
1053;282;Mycorrhiza;2018;NA;nan;46;NA;0
1052;285;Mycorrhiza;2018;NA;nan;48;NA;0
1079;285;Fencing;2018;NA;nan;30;NA;0
1082;285;Fencing;2018;NA;nan;28;NA;0
1083;282;Fencing;2018;NA;nan;62;NA;0
1089;283;Fencing;2018;NA;nan;26;NA;0
1092;285;Fencing;2018;NA;nan;68;NA;0
1090;284;Fencing;2018;NA;nan;54;NA;0
1059;283;Fencing;2018;NA;nan;34;NA;0
1064;285;Fencing;2018;NA;nan;28;NA;0
1065;284;Fencing;2018;NA;nan;48;NA;0
1070;284;Fencing;2018;NA;nan;80;NA;0
1101;282;Fencing;2018;NA;nan;52;NA;0
1103;283;Fencing;2018;NA;nan;28;NA;0
1109;284;Fencing;2018;NA;nan;52;NA;0
1106;283;Fencing;2018;NA;nan;38;NA;0
1107;282;Fencing;2018;NA;nan;42;NA;0
1111;282;Fencing;2018;NA;nan;36;NA;0
1112;284;Fencing;2018;NA;nan;52;NA;0
1115;283;Fencing;2018;NA;nan;28;NA;0
1118;284;Fencing;2018;NA;nan;40;NA;0
1120;283;Fencing;2018;NA;nan;34;NA;0
1131;285;Fencing;2018;NA;nan;28;NA;0
1130;284;Fencing;2018;NA;nan;46;NA;0
1154;285;Fencing;2018;NA;nan;20;NA;0
1152;280;Fencing;2018;NA;nan;26;NA;0
1153;283;Fencing;2018;NA;nan;24;NA;0
1149;284;Fencing;2018;NA;nan;30;NA;0
1147;284;Fencing;2018;NA;nan;36;NA;0
1142;282;Fencing;2018;NA;nan;18;NA;0
1143;282;Fencing;2018;NA;nan;36;NA;0
1144;283;Fencing;2018;NA;nan;36;NA;0
1140;280;Fencing;2018;NA;nan;20;NA;0
1141;280;Fencing;2018;NA;nan;30;NA;0
1134;283;Fencing;2018;NA;nan;34;NA;0
1157;284;Fencing;2018;NA;nan;58;NA;0
1158;284;Fencing;2018;NA;nan;72;NA;0
1160;282;Fencing;2018;NA;nan;22;NA;0
1165;283;Fencing;2018;NA;nan;34;NA;0
1169;284;Fencing;2018;NA;nan;62;NA;0
1171;285;Fencing;2018;NA;nan;24;NA;0
1172;283;Fencing;2018;NA;nan;20;NA;0
1173;285;Fencing;2018;NA;nan;20;NA;0
1174;285;Fencing;2018;NA;nan;28;NA;0
1179;284;Fencing;2018;NA;nan;46;NA;0
1178;285;Fencing;2018;NA;nan;34;NA;0
1177;283;Fencing;2018;NA;nan;28;NA;0
1176;280;Fencing;2018;NA;nan;30;NA;0
1182;284;Fencing;2018;NA;nan;64;NA;0
1185;285;Fencing;2018;NA;nan;24;NA;0
1183;283;Fencing;2018;NA;nan;20;NA;0
1211;283;PowerCoat;2018;NA;nan;32;NA;0
1217;281;PowerCoat;2018;NA;nan;72;NA;0
1221;285;PowerCoat;2018;NA;nan;22;NA;0
1228;285;PowerCoat;2018;NA;nan;22;NA;0
1226;282;PowerCoat;2018;NA;nan;64;NA;0
1193;280;PowerCoat;2018;NA;nan;22;NA;0
1198;280;PowerCoat;2018;NA;nan;26;NA;0
1195;285;PowerCoat;2018;NA;nan;24;NA;0
1201;283;PowerCoat;2018;NA;nan;30;NA;0
1204;285;PowerCoat;2018;NA;nan;20;NA;0
1209;285;PowerCoat;2018;NA;nan;14;NA;0
1230;284;PowerCoat;2018;NA;nan;66;NA;0
1247;285;PowerCoat;2018;NA;nan;22;NA;0
1259;285;PowerCoat;2018;NA;nan;22;NA;0
1257;283;PowerCoat;2018;NA;nan;30;NA;0
1260;283;PowerCoat;2018;NA;nan;36;NA;0
1280;283;PowerCoat;2018;NA;nan;28;NA;0
1286;283;PowerCoat;2018;NA;nan;22;NA;0
1285;285;PowerCoat;2018;NA;nan;16;NA;0
1299;285;PowerCoat;2018;NA;nan;26;NA;0
1298;283;PowerCoat;2018;NA;nan;30;NA;0
1296;285;PowerCoat;2018;NA;nan;28;NA;0
1310;284;PowerCoat;2018;NA;nan;52;NA;0
1315;284;PowerCoat;2018;NA;nan;76;NA;0
1325;284;PowerCoat;2018;NA;nan;44;NA;0
1350;282;PowerCoat;2018;NA;nan;24;NA;0
1343;282;PowerCoat;2018;NA;nan;16;NA;0
1366;284;PowerCoat;2018;NA;nan;62;NA;0
1363;284;PowerCoat;2018;NA;nan;72;NA;0
1389;282;PowerCoat;2018;NA;nan;12;NA;0
1392;282;PowerCoat;2018;NA;nan;18;NA;0
1391;282;PowerCoat;2018;NA;nan;24;NA;0
1400;280;Mycorrhiza;2018;NA;nan;44;NA;0
1399;280;Mycorrhiza;2018;NA;nan;54;NA;0
1412;285;Mycorrhiza;2018;NA;nan;38;NA;0
1418;285;Mycorrhiza;2018;NA;nan;46;NA;0
1415;285;Mycorrhiza;2018;NA;nan;34;NA;0
1421;285;Mycorrhiza;2018;NA;nan;44;NA;0
1423;285;Mycorrhiza;2018;NA;nan;60;NA;0
1427;285;Mycorrhiza;2018;NA;nan;66;NA;0
1437;285;Mycorrhiza;2018;NA;nan;58;NA;0
1436;283;Mycorrhiza;2018;NA;nan;46;NA;0
1435;283;Mycorrhiza;2018;NA;nan;64;NA;0
1434;285;Mycorrhiza;2018;NA;nan;34;NA;0
1442;284;PowerCoat;2018;NA;nan;50;NA;0
1448;284;PowerCoat;2018;NA;nan;70;NA;0
1456;282;Mycorrhiza;2018;NA;nan;50;NA;0
1455;282;Mycorrhiza;2018;NA;nan;48;NA;0
1460;282;Mycorrhiza;2018;NA;nan;26;NA;0
1457;284;Mycorrhiza;2018;NA;nan;58;NA;0
1461;284;PowerCoat;2018;NA;nan;74;NA;0
1468;284;PowerCoat;2018;NA;nan;70;NA;0
1467;284;PowerCoat;2018;NA;nan;70;NA;0
1466;282;PowerCoat;2018;NA;nan;24;NA;0
1471;284;PowerCoat;2018;NA;nan;66;NA;0
1470;282;PowerCoat;2018;NA;nan;28;NA;0
1469;284;PowerCoat;2018;NA;nan;48;NA;0
1476;282;Mycorrhiza;2018;NA;nan;42;NA;0
1475;282;Mycorrhiza;2018;NA;nan;26;NA;0
1474;282;Mycorrhiza;2018;NA;nan;34;NA;0
1473;284;Mycorrhiza;2018;NA;nan;80;NA;0
1480;282;Mycorrhiza;2018;NA;nan;46;NA;0
1478;284;PowerCoat;2018;NA;nan;80;NA;0
1477;282;PowerCoat;2018;NA;nan;44;NA;0
1485;285;PowerCoat;2018;NA;nan;28;NA;0
1503;285;Mycorrhiza;2018;NA;nan;24;NA;0
1502;283;Mycorrhiza;2018;NA;nan;24;NA;0
1511;285;Fencing;2018;NA;nan;18;NA;0
1508;284;Mycorrhiza;2018;NA;nan;66;NA;0
1519;285;PowerCoat;2018;NA;nan;60;NA;0
1517;285;Mycorrhiza;2018;NA;nan;26;NA;0
1523;282;Mycorrhiza;2018;NA;nan;54;NA;0
1533;283;Mycorrhiza;2018;NA;nan;20;NA;0
1542;284;Mycorrhiza;2018;NA;nan;74;NA;0
1544;281;Mycorrhiza;2018;NA;nan;48;NA;0
1551;284;Mycorrhiza;2018;NA;nan;26;NA;0
1550;285;Mycorrhiza;2018;NA;nan;28;NA;0
1549;285;Mycorrhiza;2018;NA;nan;22;NA;0
1563;285;Mycorrhiza;2018;NA;nan;34;NA;0
1562;283;Mycorrhiza;2018;NA;nan;32;NA;0
1561;282;Mycorrhiza;2018;NA;nan;46;NA;0
862;285;PowerCoat;2018;1;nan;156;NA;0
867;285;PowerCoat;2018;1;nan;30;NA;0
869;280;Mycorrhiza;2018;1;nan;36;NA;0
884;281;PowerCoat;2018;1;nan;72;NA;0
898;285;Fencing;2018;NA;nan;38;NA;0
1505;280;PowerCoat;2018;NA;nan;56;3;0
1506;280;PowerCoat;2018;NA;nan;28;2;0
1507;284;Mycorrhiza;2018;NA;nan;24;2;0
1501;284;Mycorrhiza;2018;NA;nan;30;2;0
1497;284;PowerCoat;2018;NA;nan;48;3;0
1499;284;PowerCoat;2018;NA;nan;48;3;0
1500;285;PowerCoat;2018;NA;nan;38;3;0
1493;282;PowerCoat;2018;NA;nan;46;3;0
1494;285;PowerCoat;2018;NA;nan;34;2;0
1495;280;PowerCoat;2018;NA;nan;34;3;0
1484;285;PowerCoat;2018;NA;nan;30;2;0
1483;283;PowerCoat;2018;NA;nan;58;2;0
1496;283;PowerCoat;2018;NA;nan;54;3;0
1489;285;PowerCoat;2018;NA;nan;42;3;0
1481;285;PowerCoat;2018;NA;nan;52;3;0
1490;285;PowerCoat;2018;NA;nan;50;3;0
1491;283;PowerCoat;2018;NA;nan;44;3;0
1488;282;PowerCoat;2018;NA;nan;52;3;0
1487;280;PowerCoat;2018;NA;nan;48;3;0
1492;283;PowerCoat;2018;NA;nan;50;3;0
1486;283;PowerCoat;2018;NA;nan;32;3;0
1509;285;PowerCoat;2018;NA;nan;38;3;0
1515;285;Mycorrhiza;2018;NA;nan;24;3;0
1513;284;Mycorrhiza;2018;NA;nan;38;3;0
1512;284;Mycorrhiza;2018;NA;nan;34;3;0
1516;285;Mycorrhiza;2018;NA;nan;30;3;0
1043;282;Mycorrhiza;2018;NA;nan;44;2;0
1044;283;Mycorrhiza;2018;NA;nan;36;2;0
1045;285;Mycorrhiza;2018;NA;nan;40;3;0
1058;284;Mycorrhiza;2018;NA;nan;78;2;0
1057;282;Mycorrhiza;2018;NA;nan;32;2;0
1047;283;Mycorrhiza;2018;NA;nan;34;3;0
1054;283;Mycorrhiza;2018;NA;nan;40;3;0
1051;283;Mycorrhiza;2018;NA;nan;28;3;0
30682;285;Mycorrhiza;2018;NA;nan;32;3;0
30681;280;Mycorrhiza;2018;NA;nan;14;3;0
1024;284;Mycorrhiza;2018;NA;nan;64;NA;0
1027;285;Mycorrhiza;2018;NA;nan;16;3;0
30674;280;Mycorrhiza;2018;NA;nan;34;3;0
1032;285;Mycorrhiza;2018;NA;nan;20;2;0
1038;285;Mycorrhiza;2018;NA;nan;20;3;0
1037;285;Mycorrhiza;2018;NA;nan;28;3;0
1036;285;Mycorrhiza;2018;NA;nan;16;0;0
1545;285;Mycorrhiza;2018;NA;nan;32;3;0
1548;280;Mycorrhiza;2018;NA;nan;42;2;0
1560;285;Mycorrhiza;2018;NA;nan;30;2;0
1556;284;Mycorrhiza;2018;NA;nan;42;3;0
1557;282;Mycorrhiza;2018;NA;nan;28;2;0
1558;283;Mycorrhiza;2018;NA;nan;26;3;0
1522;285;Mycorrhiza;2018;NA;nan;18;1;0
1521;285;Mycorrhiza;2018;NA;nan;46;3;0
1520;284;Mycorrhiza;2018;NA;nan;74;3;0
1527;280;Mycorrhiza;2018;NA;nan;22;3;0
1525;282;Mycorrhiza;2018;NA;nan;28;3;0
1524;285;Mycorrhiza;2018;NA;nan;16;2;0
1531;282;Mycorrhiza;2018;NA;nan;38;3;0
1530;283;Mycorrhiza;2018;NA;nan;44;3;0
1528;282;Mycorrhiza;2018;NA;nan;20;3;0
1535;283;Mycorrhiza;2018;NA;nan;28;3;0
1538;282;Mycorrhiza;2018;NA;nan;50;2;0
1537;280;Mycorrhiza;2018;NA;nan;46;3;0
1536;285;Mycorrhiza;2018;NA;nan;28;3;0
1543;284;Mycorrhiza;2018;NA;nan;36;3;0
1541;282;Mycorrhiza;2018;NA;nan;44;3;0
1547;283;Mycorrhiza;2018;NA;nan;26;1;0
962;285;Mycorrhiza;2018;NA;nan;30;2;0
1304;283;PowerCoat;2018;NA;nan;58;3;0
1305;285;PowerCoat;2018;NA;nan;24;2;0
1306;283;PowerCoat;2018;NA;nan;60;3;0
1300;285;PowerCoat;2018;NA;nan;24;NA;0
1301;283;PowerCoat;2018;NA;nan;66;2;0
1302;283;PowerCoat;2018;NA;nan;58;3;0
1303;285;PowerCoat;2018;NA;nan;26;3;0
1297;283;PowerCoat;2018;NA;nan;46;3;0
1288;283;PowerCoat;2018;NA;nan;64;2;0
1289;285;PowerCoat;2018;NA;nan;18;2;0
1290;283;PowerCoat;2018;NA;nan;28;2;0
1291;280;PowerCoat;2018;NA;nan;36;3;0
1284;283;PowerCoat;2018;NA;nan;38;3;0
1287;280;PowerCoat;2018;NA;nan;50;3;0
1281;280;PowerCoat;2018;NA;nan;54;2;0
1282;285;PowerCoat;2018;NA;nan;24;3;0
1276;283;PowerCoat;2018;NA;nan;28;3;0
1277;285;PowerCoat;2018;NA;nan;20;3;0
1279;283;PowerCoat;2018;NA;nan;42;3;0
1272;285;PowerCoat;2018;NA;nan;24;3;0
1273;283;PowerCoat;2018;NA;nan;50;3;0
1274;285;PowerCoat;2018;NA;nan;26;3;0
1275;283;PowerCoat;2018;NA;nan;42;3;0
1269;283;PowerCoat;2018;NA;nan;36;3;0
1270;285;PowerCoat;2018;NA;nan;30;3;0
1295;280;PowerCoat;2018;NA;nan;44;2;0
1294;283;PowerCoat;2018;NA;nan;28;3;0
1293;285;PowerCoat;2018;NA;nan;24;3;0
1292;283;PowerCoat;2018;NA;nan;38;3;0
1199;283;PowerCoat;2018;NA;nan;48;3;0
1206;280;PowerCoat;2018;NA;nan;50;2;0
1205;283;PowerCoat;2018;NA;nan;40;3;0
1200;285;PowerCoat;2018;NA;nan;30;2;0
1196;283;PowerCoat;2018;NA;nan;42;3;0
1197;285;PowerCoat;2018;NA;nan;24;3;0
1202;283;PowerCoat;2018;NA;nan;40;3;0
1191;280;PowerCoat;2018;NA;nan;64;2;0
1192;280;PowerCoat;2018;NA;nan;32;3;0
1194;283;PowerCoat;2018;NA;nan;46;3;0
1187;280;PowerCoat;2018;NA;nan;24;3;0
1188;283;PowerCoat;2018;NA;nan;48;2;0
1189;283;PowerCoat;2018;NA;nan;36;3;0
1190;280;PowerCoat;2018;NA;nan;46;3;0
1227;280;PowerCoat;2018;NA;nan;40;3;0
1222;283;PowerCoat;2018;NA;nan;40;2;0
1223;285;PowerCoat;2018;NA;nan;36;3;0
1224;283;PowerCoat;2018;NA;nan;28;3;0
1213;283;PowerCoat;2018;NA;nan;32;3;0
1212;285;PowerCoat;2018;NA;nan;32;3;0
1210;285;PowerCoat;2018;NA;nan;24;2;0
1218;283;PowerCoat;2018;NA;nan;40;3;0
1219;283;PowerCoat;2018;NA;nan;32;3;0
1220;285;PowerCoat;2018;NA;nan;38;3;0
1214;283;PowerCoat;2018;NA;nan;40;3;0
1215;285;PowerCoat;2018;NA;nan;34;3;0
1271;283;PowerCoat;2018;NA;nan;66;3;0
1266;283;PowerCoat;2018;NA;nan;34;NA;0
1267;280;PowerCoat;2018;NA;nan;16;3;0
1261;285;PowerCoat;2018;NA;nan;26;2;0
1262;283;PowerCoat;2018;NA;nan;50;2;0
1263;280;PowerCoat;2018;NA;nan;30;3;0
1256;283;PowerCoat;2018;NA;nan;52;3;0
1258;283;PowerCoat;2018;NA;nan;36;3;0
1253;283;PowerCoat;2018;NA;nan;28;2;0
1254;285;PowerCoat;2018;NA;nan;34;3;0
1255;283;PowerCoat;2018;NA;nan;46;3;0
1203;283;PowerCoat;2018;NA;nan;42;3;0
1231;283;PowerCoat;2018;NA;nan;42;3;0
1232;280;PowerCoat;2018;NA;nan;50;3;0
1249;285;PowerCoat;2018;NA;nan;34;3;0
1250;283;PowerCoat;2018;NA;nan;70;3;0
1251;285;PowerCoat;2018;NA;nan;20;3;0
1245;283;PowerCoat;2018;NA;nan;42;3;0
1246;283;PowerCoat;2018;NA;nan;38;3;0
1248;283;PowerCoat;2018;NA;nan;42;3;0
1241;280;PowerCoat;2018;NA;nan;36;3;0
1242;285;PowerCoat;2018;NA;nan;30;3;0
1243;283;PowerCoat;2018;NA;nan;28;3;0
1237;285;PowerCoat;2018;NA;nan;26;3;0
1238;280;PowerCoat;2018;NA;nan;26;3;0
1239;285;PowerCoat;2018;NA;nan;40;3;0
1234;280;PowerCoat;2018;NA;nan;46;2;0
1236;283;PowerCoat;2018;NA;nan;40;2;0
880;285;PowerCoat;2018;NA;nan;40;3;0
883;285;PowerCoat;2018;NA;nan;40;2;0
878;280;PowerCoat;2018;NA;nan;26;2;0
881;283;PowerCoat;2018;NA;nan;40;3;0
882;285;PowerCoat;2018;NA;nan;20;2;0
877;285;PowerCoat;2018;NA;nan;20;3;0
876;285;PowerCoat;2018;NA;nan;34;3;0
865;285;PowerCoat;2018;NA;nan;32;3;0
864;283;PowerCoat;2018;NA;nan;30;3;0
868;283;PowerCoat;2018;NA;nan;42;3;0
871;285;PowerCoat;2018;NA;nan;12;2;0
866;283;PowerCoat;2018;NA;nan;34;3;0
875;283;PowerCoat;2018;NA;nan;16;3;0
861;285;PowerCoat;2018;NA;nan;24;3;0
860;285;PowerCoat;2018;NA;nan;40;3;0
870;283;Mycorrhiza;2018;NA;nan;72;3;0
895;285;Fencing;2018;NA;nan;38;2;0
893;280;Fencing;2018;NA;nan;26;2;0
892;283;Fencing;2018;NA;nan;72;3;0
890;280;Fencing;2018;NA;nan;56;2;0
1393;282;PowerCoat;2018;NA;nan;40;3;0
1394;282;PowerCoat;2018;NA;nan;56;3;0
1388;282;PowerCoat;2018;NA;nan;60;3;0
1390;282;PowerCoat;2018;NA;nan;56;3;0
1383;282;PowerCoat;2018;NA;nan;52;3;0
1386;282;PowerCoat;2018;NA;nan;56;3;0
1379;282;PowerCoat;2018;NA;nan;50;3;0
1380;284;PowerCoat;2018;NA;nan;80;3;0
1382;284;PowerCoat;2018;NA;nan;68;3;0
1375;282;PowerCoat;2018;NA;nan;62;3;0
1376;284;PowerCoat;2018;NA;nan;74;3;0
1377;282;PowerCoat;2018;NA;nan;64;3;0
1378;284;PowerCoat;2018;NA;nan;140;2;0
1372;282;PowerCoat;2018;NA;nan;52;3;0
1368;282;PowerCoat;2018;NA;nan;76;3;0
1369;284;PowerCoat;2018;NA;nan;74;3;0
1370;282;PowerCoat;2018;NA;nan;60;3;0
1364;282;PowerCoat;2018;NA;nan;56;3;0
1365;284;PowerCoat;2018;NA;nan;66;3;0
1359;284;PowerCoat;2018;NA;nan;70;3;0
945;284;PowerCoat;2018;NA;nan;52;1;0
949;282;Mycorrhiza;2018;NA;nan;56;2;0
940;282;PowerCoat;2018;NA;nan;44;2;0
939;282;PowerCoat;2018;NA;nan;36;2;0
936;282;Mycorrhiza;2018;NA;nan;46;2;0
934;282;Mycorrhiza;2018;NA;nan;34;3;0
921;284;PowerCoat;2018;NA;nan;64;3;0
935;282;Mycorrhiza;2018;NA;nan;40;3;0
917;284;PowerCoat;2018;NA;nan;72;3;0
916;284;PowerCoat;2018;NA;nan;90;2;0
912;284;PowerCoat;2018;NA;nan;70;3;0
908;284;PowerCoat;2018;NA;nan;98;3;0
910;284;PowerCoat;2018;NA;nan;50;3;0
904;284;PowerCoat;2018;NA;nan;50;2;0
932;284;Mycorrhiza;2018;NA;nan;48;2;0
938;284;PowerCoat;2018;NA;nan;38;2;0
907;284;PowerCoat;2018;NA;nan;82;3;0
942;284;PowerCoat;2018;NA;nan;66;3;0
906;284;PowerCoat;2018;NA;nan;64;3;0
941;282;PowerCoat;2018;NA;nan;56;1;0
948;284;PowerCoat;2018;NA;nan;56;2;0
952;284;PowerCoat;2018;NA;nan;80;3;0
1795;282;PowerCoat;2018;NA;nan;30;3;0
1781;282;PowerCoat;2018;NA;nan;62;3;0
1785;284;PowerCoat;2018;NA;nan;64;3;0
1789;284;PowerCoat;2018;NA;nan;40;3;0
1797;284;PowerCoat;2018;NA;nan;72;3;0
1786;282;PowerCoat;2018;NA;nan;66;2;0
1790;284;PowerCoat;2018;NA;nan;76;3;0
1752;284;Mycorrhiza;2018;NA;nan;60;0;0
1765;284;PowerCoat;2018;NA;nan;42;2;0
1309;282;PowerCoat;2018;NA;nan;58;3;0
1308;282;PowerCoat;2018;NA;nan;52;3;0
1307;284;PowerCoat;2018;NA;nan;74;3;0
1314;284;PowerCoat;2018;NA;nan;80;3;0
1796;284;PowerCoat;2018;NA;nan;46;3;0
1313;282;PowerCoat;2018;NA;nan;70;3;0
1312;284;PowerCoat;2018;NA;nan;84;2;0
1762;282;PowerCoat;2018;NA;nan;40;3;0
1311;282;PowerCoat;2018;NA;nan;62;3;0
1318;282;PowerCoat;2018;NA;nan;64;3;0
1317;284;PowerCoat;2018;NA;nan;54;2;0
1771;282;PowerCoat;2018;NA;nan;44;3;0
1316;282;PowerCoat;2018;NA;nan;48;3;0
1322;282;PowerCoat;2018;NA;nan;54;3;0
1321;284;PowerCoat;2018;NA;nan;80;2;0
1772;282;PowerCoat;2018;NA;nan;54;3;0
1320;282;PowerCoat;2018;NA;nan;60;3;0
1319;284;PowerCoat;2018;NA;nan;74;2;0
1770;282;PowerCoat;2018;NA;nan;44;3;0
1387;282;PowerCoat;2018;NA;nan;50;3;0
1326;284;PowerCoat;2018;NA;nan;76;2;0
1324;282;PowerCoat;2018;NA;nan;50;3;0
1323;282;PowerCoat;2018;NA;nan;50;3;0
1330;284;PowerCoat;2018;NA;nan;24;2;0
1773;282;PowerCoat;2018;NA;nan;34;3;0
1329;284;PowerCoat;2018;NA;nan;72;3;0
1328;282;PowerCoat;2018;NA;nan;40;3;0
1777;282;PowerCoat;2018;NA;nan;32;3;0
1327;282;PowerCoat;2018;NA;nan;44;2;0
1747;282;PowerCoat;2018;NA;nan;58;3;0
1334;282;PowerCoat;2018;NA;nan;48;3;0
1333;284;PowerCoat;2018;NA;nan;92;3;0
1751;282;PowerCoat;2018;NA;nan;46;3;0
1755;282;PowerCoat;2018;NA;nan;40;3;0
1331;284;PowerCoat;2018;NA;nan;94;3;0
1337;282;PowerCoat;2018;NA;nan;48;2;0
1336;284;PowerCoat;2018;NA;nan;106;2;0
1335;282;PowerCoat;2018;NA;nan;76;3;0
1342;284;PowerCoat;2018;NA;nan;56;3;0
1341;282;PowerCoat;2018;NA;nan;56;2;0
1340;284;PowerCoat;2018;NA;nan;48;3;0
1339;284;PowerCoat;2018;NA;nan;50;2;0
1345;284;PowerCoat;2018;NA;nan;34;3;0
1349;282;PowerCoat;2018;NA;nan;44;3;0
1348;282;PowerCoat;2018;NA;nan;38;3;0
915;284;PowerCoat;2018;NA;nan;64;3;0
1354;284;PowerCoat;2018;NA;nan;30;3;0
914;282;PowerCoat;2018;NA;nan;44;3;0
1353;284;PowerCoat;2018;NA;nan;50;3;0
913;284;PowerCoat;2018;NA;nan;60;3;0
1351;283;PowerCoat;2018;NA;nan;86;3;0
909;284;PowerCoat;2018;NA;nan;52;3;0
1357;284;PowerCoat;2018;NA;nan;96;2;0
1759;282;PowerCoat;2018;NA;nan;36;3;0
1355;282;PowerCoat;2018;NA;nan;58;3;0
1362;282;PowerCoat;2018;NA;nan;60;2;0
902;284;Mycorrhiza;2018;NA;nan;58;3;0
1361;284;PowerCoat;2018;NA;nan;86;3;0
1754;283;Mycorrhiza;2018;NA;nan;66;2;0
1745;283;Mycorrhiza;2018;NA;nan;66;1;0
1398;283;Mycorrhiza;2018;NA;nan;48;3;0
1397;283;Mycorrhiza;2018;NA;nan;46;3;0
1396;283;Mycorrhiza;2018;NA;nan;66;3;0
1725;281;Mycorrhiza;2018;NA;nan;40;3;0
1395;280;Mycorrhiza;2018;NA;nan;72;2;0
1757;280;Fencing;2018;NA;nan;52;3;0
1402;283;Mycorrhiza;2018;NA;nan;66;2;0
1753;280;Fencing;2018;NA;nan;38;3;0
1401;280;Mycorrhiza;2018;NA;nan;70;2;0
1726;285;Fencing;2018;NA;nan;42;3;0
1406;283;Mycorrhiza;2018;NA;nan;78;2;0
1734;280;Fencing;2018;NA;nan;72;3;0
1405;280;Mycorrhiza;2018;NA;nan;56;2;0
1404;280;Mycorrhiza;2018;NA;nan;66;2;0
1403;280;Mycorrhiza;2018;NA;nan;72;0;0
1727;280;Fencing;2018;NA;nan;38;2;0
1731;280;Fencing;2018;NA;nan;54;3;0
1409;285;Mycorrhiza;2018;NA;nan;46;2;0
1408;285;Mycorrhiza;2018;NA;nan;46;1;0
1407;281;Mycorrhiza;2018;NA;nan;44;2;0
1414;285;Mycorrhiza;2018;NA;nan;48;3;0
1413;285;Mycorrhiza;2018;NA;nan;40;2;0
1411;285;Mycorrhiza;2018;NA;nan;54;2;0
1417;285;Mycorrhiza;2018;NA;nan;54;3;0
889;283;Fencing;2018;NA;nan;78;3;0
1422;280;Mycorrhiza;2018;NA;nan;52;2;0
1420;285;Mycorrhiza;2018;NA;nan;54;3;0
894;283;Fencing;2018;NA;nan;80;3;0
1419;280;Mycorrhiza;2018;NA;nan;40;2;0
1425;280;Mycorrhiza;2018;NA;nan;60;2;0
896;283;Fencing;2018;NA;nan;70;3;0
897;285;Fencing;2018;NA;nan;48;3;0
1429;283;Mycorrhiza;2018;NA;nan;72;2;0
1428;283;Mycorrhiza;2018;NA;nan;50;2;0
900;283;Mycorrhiza;2018;NA;nan;98;3;0
1426;285;Mycorrhiza;2018;NA;nan;54;2;0
1433;280;Mycorrhiza;2018;NA;nan;60;2;0
888;283;Mycorrhiza;2018;NA;nan;60;3;0
1432;285;Mycorrhiza;2018;NA;nan;40;2;0
1431;280;Mycorrhiza;2018;NA;nan;66;2;0
872;285;Mycorrhiza;2018;NA;nan;40;3;0
873;285;Mycorrhiza;2018;NA;nan;22;3;0
874;283;Mycorrhiza;2018;NA;nan;80;3;0
887;285;PowerCoat;2018;NA;nan;52;3;0
1146;282;Fencing;2018;NA;nan;46;1;0
1080;282;Fencing;2018;NA;nan;32;3;0
1081;280;Fencing;2018;NA;nan;20;3;0
1085;283;Fencing;2018;NA;nan;22;3;0
1084;283;Fencing;2018;NA;nan;38;1;0
1074;285;Fencing;2018;NA;nan;28;2;0
1086;280;Fencing;2018;NA;nan;46;3;0
1087;285;Fencing;2018;NA;nan;28;3;0
1088;280;Fencing;2018;NA;nan;32;3;0
1126;285;Fencing;2018;NA;nan;34;3;0
1128;283;Fencing;2018;NA;nan;28;3;0
1159;283;Fencing;2018;NA;nan;28;3;0
1096;284;Fencing;2018;NA;nan;56;3;0
1093;285;Fencing;2018;NA;nan;30;3;0
1129;280;Fencing;2018;NA;nan;38;3;0
1121;282;Fencing;2018;NA;nan;24;2;0
1137;282;Fencing;2018;NA;nan;32;1;0
1136;280;Fencing;2018;NA;nan;36;3;0
1095;282;Fencing;2018;NA;nan;30;3;0
1123;282;Fencing;2018;NA;nan;26;3;0
1125;280;Fencing;2018;NA;nan;46;3;0
1133;280;Fencing;2018;NA;nan;28;3;0
1168;283;Fencing;2018;NA;nan;24;NA;0
1150;282;Fencing;2018;NA;nan;24;1;0
1105;285;Fencing;2018;NA;nan;32;3;0
995;285;Mycorrhiza;2018;NA;nan;34;3;0
1072;285;Fencing;2018;NA;nan;32;1;0
994;282;Mycorrhiza;2018;NA;nan;54;3;0
1156;282;Fencing;2018;NA;nan;36;3;0
1060;280;Fencing;2018;NA;nan;24;3;0
1061;282;Fencing;2018;NA;nan;52;3;0
1071;282;Fencing;2018;NA;nan;24;3;0
1175;285;Fencing;2018;NA;nan;24;1;0
1062;282;Fencing;2018;NA;nan;30;3;0
1075;283;Fencing;2018;NA;nan;40;2;0
1063;284;Fencing;2018;NA;nan;42;3;0
998;282;Mycorrhiza;2018;NA;nan;44;3;0
1066;282;Fencing;2018;NA;nan;26;3;0
997;282;Mycorrhiza;2018;NA;nan;40;3;0
971;285;Fencing;2018;NA;nan;24;3;0
1098;285;Fencing;2018;NA;nan;22;3;0
1067;282;Fencing;2018;NA;nan;52;3;0
1099;285;Fencing;2018;NA;nan;44;3;0
1068;282;Fencing;2018;NA;nan;36;3;0
1100;284;Fencing;2018;NA;nan;38;3;0
1069;283;Fencing;2018;NA;nan;30;3;0
996;285;Mycorrhiza;2018;NA;nan;40;3;0
1102;285;Fencing;2018;NA;nan;40;2;0
987;285;Mycorrhiza;2018;NA;nan;24;3;0
974;283;Fencing;2018;NA;nan;40;3;0
989;282;Mycorrhiza;2018;NA;nan;38;3;0
1163;280;Fencing;2018;NA;nan;16;3;0
988;283;Mycorrhiza;2018;NA;nan;18;3;0
1104;282;Fencing;2018;NA;nan;22;3;0
1181;284;Fencing;2018;NA;nan;34;3;0
1278;283;PowerCoat;2018;NA;nan;54;3;0
1180;280;Fencing;2018;NA;nan;44;2;0
1712;280;Mycorrhiza;2018;NA;nan;46;3;0
1110;282;Fencing;2018;NA;nan;26;2;0
984;285;Mycorrhiza;2018;NA;nan;52;3;0
954;280;Mycorrhiza;2018;NA;nan;20;3;0
953;285;Mycorrhiza;2018;NA;nan;24;3;0
956;280;Mycorrhiza;2018;NA;nan;36;3;0
1113;282;Fencing;2018;NA;nan;26;3;0
1114;280;Fencing;2018;NA;nan;30;3;0
1268;285;PowerCoat;2018;NA;nan;30;3;0
1738;283;Fencing;2018;NA;nan;62;3;0
1739;280;Fencing;2018;NA;nan;68;3;0
1116;285;Fencing;2018;NA;nan;48;3;0
1736;280;Fencing;2018;NA;nan;44;3;0
1724;283;Fencing;2018;NA;nan;66;3;0
1720;285;Fencing;2018;NA;nan;46;3;0
1716;284;PowerCoat;2018;NA;nan;78;3;0
1783;282;PowerCoat;2018;NA;nan;64;3;0
1707;282;PowerCoat;2018;NA;nan;56;3;0
1264;285;PowerCoat;2018;NA;nan;20;3;0
1458;282;Mycorrhiza;2018;NA;nan;30;NA;0
1464;284;Mycorrhiza;2018;NA;nan;74;NA;0
1463;284;Mycorrhiza;2018;NA;nan;80;NA;0
1462;284;PowerCoat;2018;NA;nan;68;NA;0
1465;284;PowerCoat;2018;NA;nan;66;NA;0
1472;282;PowerCoat;2018;NA;nan;20;NA;0
1479;282;Mycorrhiza;2018;NA;nan;54;NA;0
1454;282;Mycorrhiza;2018;NA;nan;48;NA;0
1449;284;Mycorrhiza;2018;NA;nan;80;NA;0
1450;282;Mycorrhiza;2018;NA;nan;38;NA;0
1451;284;Mycorrhiza;2018;NA;nan;66;NA;0
1452;284;PowerCoat;2018;NA;nan;72;NA;0
1446;282;PowerCoat;2018;NA;nan;44;NA;0
1443;284;PowerCoat;2018;NA;nan;74;NA;0
1444;282;PowerCoat;2018;NA;nan;46;NA;0
1445;282;PowerCoat;2018;NA;nan;40;NA;0
1439;282;Mycorrhiza;2018;NA;nan;52;NA;0
1440;282;Mycorrhiza;2018;NA;nan;50;NA;0
1441;284;Mycorrhiza;2018;NA;nan;76;NA;0
1213;283;PowerCoat;2019;NA;nan;26;3;1
1224;283;PowerCoat;2019;NA;nan;34;3;1
1247;285;PowerCoat;2019;NA;nan;18;3;1
1246;283;PowerCoat;2019;NA;nan;29;3;1
1245;283;PowerCoat;2019;NA;nan;47;3;1
1251;285;PowerCoat;2019;NA;nan;21;3;1
1250;283;PowerCoat;2019;NA;nan;70;3;1
1249;285;PowerCoat;2019;NA;nan;29;3;1
1232;280;PowerCoat;2019;NA;nan;38;3;1
1231;283;PowerCoat;2019;NA;nan;44;3;1
1230;284;PowerCoat;2019;NA;nan;64;3;1
1257;283;PowerCoat;2019;NA;nan;51;3;1
1258;283;PowerCoat;2019;NA;nan;32;3;1
1259;285;PowerCoat;2019;NA;nan;18;2;1
1253;283;PowerCoat;2019;NA;nan;23;3;1
1254;285;PowerCoat;2019;NA;nan;28;3;1
1255;283;PowerCoat;2019;NA;nan;44;3;1
1209;285;PowerCoat;2019;NA;nan;14;3;1
1203;283;PowerCoat;2019;NA;nan;36;3;1
1204;285;PowerCoat;2019;NA;nan;13;3;1
1205;283;PowerCoat;2019;NA;nan;37;3;1
1200;285;PowerCoat;2019;NA;nan;32;3;1
1264;285;PowerCoat;2019;NA;nan;12;3;1
1267;280;PowerCoat;2019;NA;nan;9;3;1
1263;280;PowerCoat;2019;NA;nan;26;3;1
1458;282;Mycorrhiza;2019;NA;nan;33;1;1
1457;284;Mycorrhiza;2019;NA;nan;56;3;1
1464;284;Mycorrhiza;2019;NA;nan;75;2;1
1463;284;Mycorrhiza;2019;NA;nan;81;3;1
1462;284;PowerCoat;2019;NA;nan;67;3;1
1461;284;PowerCoat;2019;NA;nan;72;3;1
1468;284;PowerCoat;2019;NA;nan;72;3;1
1467;284;PowerCoat;2019;NA;nan;67;2;1
1466;282;PowerCoat;2019;NA;nan;19;2;1
1465;284;PowerCoat;2019;NA;nan;72;3;1
1472;282;PowerCoat;2019;NA;nan;19;3;1
1471;284;PowerCoat;2019;NA;nan;64;3;1
1470;282;PowerCoat;2019;NA;nan;24;3;1
1469;284;PowerCoat;2019;NA;nan;48;3;1
1476;282;Mycorrhiza;2019;NA;nan;37;2;1
1475;282;Mycorrhiza;2019;NA;nan;20;2;1
1474;282;Mycorrhiza;2019;NA;nan;48;3;1
1473;284;Mycorrhiza;2019;NA;nan;67;3;1
1480;282;Mycorrhiza;2019;NA;nan;42;3;1
1479;282;Mycorrhiza;2019;NA;nan;54;3;1
1478;284;PowerCoat;2019;NA;nan;80;3;1
1477;282;PowerCoat;2019;NA;nan;40;3;1
1443;284;PowerCoat;2019;NA;nan;76;3;1
1442;284;PowerCoat;2019;NA;nan;42;3;1
1448;284;PowerCoat;2019;NA;nan;72;3;1
1446;282;PowerCoat;2019;NA;nan;39;3;1
1452;284;PowerCoat;2019;NA;nan;71;3;1
1451;284;Mycorrhiza;2019;NA;nan;68;3;1
1450;282;Mycorrhiza;2019;NA;nan;37;3;1
1449;284;Mycorrhiza;2019;NA;nan;88;3;1
1456;282;Mycorrhiza;2019;NA;nan;44;3;1
1455;282;Mycorrhiza;2019;NA;nan;47;3;1
1460;282;Mycorrhiza;2019;NA;nan;23;3;1
1454;282;Mycorrhiza;2019;NA;nan;49;3;1
1441;284;Mycorrhiza;2019;NA;nan;80;3;1
1440;282;Mycorrhiza;2019;NA;nan;46;3;1
1439;282;Mycorrhiza;2019;NA;nan;57;3;1
1445;282;PowerCoat;2019;NA;nan;42;2;1
1444;282;PowerCoat;2019;NA;nan;52;3;1
30682;285;Mycorrhiza;2019;NA;nan;14;3;1
30681;280;Mycorrhiza;2019;NA;nan;14;2;1
1024;284;Mycorrhiza;2019;NA;nan;57;3;1
1027;285;Mycorrhiza;2019;NA;nan;11;3;1
30674;280;Mycorrhiza;2019;NA;nan;28;3;1
1032;285;Mycorrhiza;2019;NA;nan;16;2;1
1038;285;Mycorrhiza;2019;NA;nan;16;3;1
1037;285;Mycorrhiza;2019;NA;nan;25;3;1
1036;285;Mycorrhiza;2019;NA;nan;17;2;1
1040;281;Mycorrhiza;2019;NA;nan;32;3;1
1041;285;Mycorrhiza;2019;NA;nan;37;3;1
1043;282;Mycorrhiza;2019;NA;nan;42;3;1
1044;283;Mycorrhiza;2019;NA;nan;30;3;1
1045;285;Mycorrhiza;2019;NA;nan;36;3;1
1046;284;Mycorrhiza;2019;NA;nan;64;3;1
1058;284;Mycorrhiza;2019;NA;nan;77;3;1
1057;282;Mycorrhiza;2019;NA;nan;26;3;1
1047;283;Mycorrhiza;2019;NA;nan;29;3;1
1048;280;Mycorrhiza;2019;NA;nan;19;2;1
1054;283;Mycorrhiza;2019;NA;nan;36;3;1
1051;283;Mycorrhiza;2019;NA;nan;26;3;1
1050;283;Mycorrhiza;2019;NA;nan;14;3;1
1053;282;Mycorrhiza;2019;NA;nan;36;3;1
1052;285;Mycorrhiza;2019;NA;nan;43;3;1
1512;284;Mycorrhiza;2019;NA;nan;33;2;1
1513;284;Mycorrhiza;2019;NA;nan;28;2;1
1515;285;Mycorrhiza;2019;NA;nan;19;1;1
1508;284;Mycorrhiza;2019;NA;nan;63;3;1
1509;285;PowerCoat;2019;NA;nan;34;3;1
1505;280;PowerCoat;2019;NA;nan;49;3;1
1506;280;PowerCoat;2019;NA;nan;29;3;1
1511;285;Fencing;2019;NA;nan;11;2;1
1507;284;Mycorrhiza;2019;NA;nan;24;3;1
1501;284;Mycorrhiza;2019;NA;nan;26;2;1
1502;283;Mycorrhiza;2019;NA;nan;20;3;1
1503;285;Mycorrhiza;2019;NA;nan;22;3;1
1499;284;PowerCoat;2019;NA;nan;45;2;1
1500;285;PowerCoat;2019;NA;nan;31;3;1
1493;282;PowerCoat;2019;NA;nan;45;3;1
1494;285;PowerCoat;2019;NA;nan;30;3;1
1495;280;PowerCoat;2019;NA;nan;26;3;1
1516;285;Mycorrhiza;2019;NA;nan;21;2;1
1519;285;PowerCoat;2019;NA;nan;53;2;1
1517;285;Mycorrhiza;2019;NA;nan;19;2;1
1523;282;Mycorrhiza;2019;NA;nan;58;3;1
1522;285;Mycorrhiza;2019;NA;nan;10;2;1
1525;282;Mycorrhiza;2019;NA;nan;19;2;1
1524;285;Mycorrhiza;2019;NA;nan;14;1;1
1531;282;Mycorrhiza;2019;NA;nan;38;3;1
1542;284;Mycorrhiza;2019;NA;nan;64;3;1
1541;282;Mycorrhiza;2019;NA;nan;39;3;1
1545;285;Mycorrhiza;2019;NA;nan;29;3;1
1544;281;Mycorrhiza;2019;NA;nan;44;3;1
1551;284;Mycorrhiza;2019;NA;nan;24;2;1
1241;280;PowerCoat;2019;NA;nan;31;3;1
1248;283;PowerCoat;2019;NA;nan;37;3;1
1242;285;PowerCoat;2019;NA;nan;27;3;1
1243;283;PowerCoat;2019;NA;nan;25;3;1
1237;285;PowerCoat;2019;NA;nan;25;3;1
1238;280;PowerCoat;2019;NA;nan;24;3;1
1239;285;PowerCoat;2019;NA;nan;39;3;1
1234;280;PowerCoat;2019;NA;nan;42;2;1
1236;283;PowerCoat;2019;NA;nan;43;3;1
1195;285;PowerCoat;2019;NA;nan;24;2;1
1196;283;PowerCoat;2019;NA;nan;39;3;1
1198;280;PowerCoat;2019;NA;nan;21;2;1
1227;280;PowerCoat;2019;NA;nan;34;2;1
1223;285;PowerCoat;2019;NA;nan;36;3;1
1215;285;PowerCoat;2019;NA;nan;30;3;1
1214;283;PowerCoat;2019;NA;nan;43;3;1
1336;284;PowerCoat;2019;NA;nan;90;1;1
1357;284;PowerCoat;2019;NA;nan;112;3;1
1362;282;PowerCoat;2019;NA;nan;59;3;1
1375;282;PowerCoat;2019;NA;nan;68;3;1
1380;284;PowerCoat;2019;NA;nan;87;3;1
1390;282;PowerCoat;2019;NA;nan;44;3;1
1389;282;PowerCoat;2019;NA;nan;3;0;1
1321;284;PowerCoat;2019;NA;nan;94;3;1
1312;284;PowerCoat;2019;NA;nan;92;3;1
1750;285;Mycorrhiza;2019;NA;nan;49;3;1
1754;283;Mycorrhiza;2019;NA;nan;64;3;1
1741;285;Mycorrhiza;2019;NA;nan;45;3;1
1745;283;Mycorrhiza;2019;NA;nan;61;1;1
1731;280;Fencing;2019;NA;nan;57;3;1
890;280;Fencing;2019;NA;nan;54;3;1
892;283;Fencing;2019;NA;nan;67;3;1
897;285;Fencing;2019;NA;nan;47;3;1
898;285;Fencing;2019;NA;nan;40;3;1
900;283;Mycorrhiza;2019;NA;nan;95;3;1
874;283;Mycorrhiza;2019;NA;nan;92;3;1
873;285;Mycorrhiza;2019;NA;nan;20;2;1
872;285;Mycorrhiza;2019;NA;nan;34;2;1
869;280;Mycorrhiza;2019;NA;nan;26;2;1
870;283;Mycorrhiza;2019;NA;nan;71;3;1
877;285;PowerCoat;2019;NA;nan;30;3;1
876;285;PowerCoat;2019;NA;nan;39;3;1
867;285;PowerCoat;2019;NA;nan;32;2;1
865;285;PowerCoat;2019;NA;nan;36;3;1
861;285;PowerCoat;2019;NA;nan;38;3;1
882;285;PowerCoat;2019;NA;nan;31;3;1
1794;282;PowerCoat;2019;NA;nan;55;3;1
1790;284;PowerCoat;2019;NA;nan;75;3;1
1771;282;PowerCoat;2019;NA;nan;42;3;1
1762;282;PowerCoat;2019;NA;nan;44;3;1
1755;282;PowerCoat;2019;NA;nan;41;0;1
1751;282;PowerCoat;2019;NA;nan;46;2;1
901;284;PowerCoat;2019;NA;nan;81;3;1
945;284;PowerCoat;2019;NA;nan;56;3;1
949;282;Mycorrhiza;2019;NA;nan;55;2;1
928;282;Mycorrhiza;2019;NA;nan;25;1;1
1742;282;Mycorrhiza;2019;NA;nan;60;3;1
1752;284;Mycorrhiza;2019;NA;nan;61;0;1
942;284;PowerCoat;2019;NA;nan;80;3;1
1748;282;PowerCoat;2019;NA;nan;54;3;1
906;284;PowerCoat;2019;NA;nan;77;3;1
903;284;PowerCoat;2019;NA;nan;55;3;1
907;284;PowerCoat;2019;NA;nan;81;3;1
905;284;PowerCoat;2019;NA;nan;40;0;1
910;284;PowerCoat;2019;NA;nan;52;3;1
919;282;PowerCoat;2019;NA;nan;33;2;1
916;284;PowerCoat;2019;NA;nan;85;0;1
1797;284;PowerCoat;2019;NA;nan;85;2;1
1796;284;PowerCoat;2019;NA;nan;61;3;1
1764;284;PowerCoat;2019;NA;nan;62;3;1
1349;282;PowerCoat;2019;NA;nan;41;3;1
1309;282;PowerCoat;2019;NA;nan;61;3;1
1311;282;PowerCoat;2019;NA;nan;61;3;1
1318;282;PowerCoat;2019;NA;nan;87;3;1
1082;285;Fencing;2019;NA;nan;21;3;1
1074;285;Fencing;2019;NA;nan;22;1;1
1070;284;Fencing;2019;NA;nan;51;2;1
1069;283;Fencing;2019;NA;nan;30;3;1
1068;282;Fencing;2019;NA;nan;30;2;1
1067;282;Fencing;2019;NA;nan;52;3;1
1066;282;Fencing;2019;NA;nan;25;2;1
1065;284;Fencing;2019;NA;nan;48;3;1
1064;285;Fencing;2019;NA;nan;24;3;1
1063;284;Fencing;2019;NA;nan;42;3;1
1062;282;Fencing;2019;NA;nan;29;2;1
1061;282;Fencing;2019;NA;nan;52;3;1
1060;280;Fencing;2019;NA;nan;21;3;1
1059;283;Fencing;2019;NA;nan;33;3;1
1090;284;Fencing;2019;NA;nan;43;2;1
1092;285;Fencing;2019;NA;nan;63;3;1
1093;285;Fencing;2019;NA;nan;28;1;1
1096;284;Fencing;2019;NA;nan;59;3;1
1088;280;Fencing;2019;NA;nan;29;2;1
1087;285;Fencing;2019;NA;nan;31;3;1
1086;280;Fencing;2019;NA;nan;45;3;1
1083;282;Fencing;2019;NA;nan;52;3;1
1089;283;Fencing;2019;NA;nan;22;3;1
1095;282;Fencing;2019;NA;nan;25;3;1
1075;283;Fencing;2019;NA;nan;41;3;1
1071;282;Fencing;2019;NA;nan;16;3;1
1072;285;Fencing;2019;NA;nan;38;3;1
1107;282;Fencing;2019;NA;nan;40;3;1
1106;283;Fencing;2019;NA;nan;35;3;1
1109;284;Fencing;2019;NA;nan;44;3;1
1105;285;Fencing;2019;NA;nan;37;3;1
1104;282;Fencing;2019;NA;nan;20;2;1
1103;283;Fencing;2019;NA;nan;21;3;1
1102;285;Fencing;2019;NA;nan;36;3;1
1101;282;Fencing;2019;NA;nan;52;2;1
1100;284;Fencing;2019;NA;nan;43;3;1
1099;285;Fencing;2019;NA;nan;40;3;1
1098;285;Fencing;2019;NA;nan;15;3;1
1115;283;Fencing;2019;NA;nan;26;3;1
1114;280;Fencing;2019;NA;nan;32;3;1
1116;285;Fencing;2019;NA;nan;25;2;1
1118;284;Fencing;2019;NA;nan;47;3;1
1120;283;Fencing;2019;NA;nan;32;3;1
1113;282;Fencing;2019;NA;nan;26;3;1
1112;284;Fencing;2019;NA;nan;40;2;1
1111;282;Fencing;2019;NA;nan;30;3;1
1110;282;Fencing;2019;NA;nan;28;3;1
1131;285;Fencing;2019;NA;nan;12;2;1
1133;280;Fencing;2019;NA;nan;18;3;1
1125;280;Fencing;2019;NA;nan;38;3;1
1123;282;Fencing;2019;NA;nan;20;1;1
1129;280;Fencing;2019;NA;nan;35;3;1
1128;283;Fencing;2019;NA;nan;22;3;1
1126;285;Fencing;2019;NA;nan;26;1;1
1130;284;Fencing;2019;NA;nan;50;3;1
1154;285;Fencing;2019;NA;nan;17;3;1
1156;282;Fencing;2019;NA;nan;41;3;1
1152;280;Fencing;2019;NA;nan;30;3;1
1153;283;Fencing;2019;NA;nan;25;3;1
1149;284;Fencing;2019;NA;nan;21;3;1
1146;282;Fencing;2019;NA;nan;44;3;1
1147;284;Fencing;2019;NA;nan;37;2;1
1142;282;Fencing;2019;NA;nan;30;2;1
1143;282;Fencing;2019;NA;nan;33;3;1
1144;283;Fencing;2019;NA;nan;25;3;1
1140;280;Fencing;2019;NA;nan;21;3;1
1141;280;Fencing;2019;NA;nan;25;3;1
1134;283;Fencing;2019;NA;nan;34;3;1
1136;280;Fencing;2019;NA;nan;32;3;1
1137;282;Fencing;2019;NA;nan;30;3;1
1157;284;Fencing;2019;NA;nan;52;3;1
1158;284;Fencing;2019;NA;nan;66;3;1
1159;283;Fencing;2019;NA;nan;27;3;1
1160;282;Fencing;2019;NA;nan;28;3;1
1163;280;Fencing;2019;NA;nan;14;3;1
1169;284;Fencing;2019;NA;nan;60;3;1
1168;283;Fencing;2019;NA;nan;20;3;1
1165;283;Fencing;2019;NA;nan;34;3;1
1173;285;Fencing;2019;NA;nan;25;2;1
1172;283;Fencing;2019;NA;nan;20;3;1
1171;285;Fencing;2019;NA;nan;30;3;1
1177;283;Fencing;2019;NA;nan;20;3;1
1178;285;Fencing;2019;NA;nan;27;3;1
1175;285;Fencing;2019;NA;nan;23;3;1
1179;284;Fencing;2019;NA;nan;47;3;1
1174;285;Fencing;2019;NA;nan;26;3;1
1176;280;Fencing;2019;NA;nan;19;3;1
1182;284;Fencing;2019;NA;nan;57;3;1
1181;284;Fencing;2019;NA;nan;33;3;1
1180;280;Fencing;2019;NA;nan;41;3;1
1185;285;Fencing;2019;NA;nan;23;2;1
1183;283;Fencing;2019;NA;nan;21;3;1
1150;282;Fencing;2019;NA;nan;12;3;1
1121;282;Fencing;2019;NA;nan;28;3;1
1521;285;Mycorrhiza;2019;NA;nan;42;3;1
1520;284;Mycorrhiza;2019;NA;nan;70;3;1
1527;280;Mycorrhiza;2019;NA;nan;27;3;1
1530;283;Mycorrhiza;2019;NA;nan;35;3;1
1528;282;Mycorrhiza;2019;NA;nan;18;2;1
1535;283;Mycorrhiza;2019;NA;nan;25;2;1
1533;283;Mycorrhiza;2019;NA;nan;15;3;1
1538;282;Mycorrhiza;2019;NA;nan;52;2;1
1537;280;Mycorrhiza;2019;NA;nan;45;3;1
1536;285;Mycorrhiza;2019;NA;nan;25;2;1
1547;283;Mycorrhiza;2019;NA;nan;28;3;1
1543;284;Mycorrhiza;2019;NA;nan;27;3;1
1550;285;Mycorrhiza;2019;NA;nan;20;3;1
1549;285;Mycorrhiza;2019;NA;nan;18;2;1
1548;280;Mycorrhiza;2019;NA;nan;37;3;1
1558;283;Mycorrhiza;2019;NA;nan;25;3;1
1557;282;Mycorrhiza;2019;NA;nan;24;2;1
1556;284;Mycorrhiza;2019;NA;nan;37;3;1
1563;285;Mycorrhiza;2019;NA;nan;28;3;1
1562;283;Mycorrhiza;2019;NA;nan;28;2;1
1561;282;Mycorrhiza;2019;NA;nan;46;3;1
1560;285;Mycorrhiza;2019;NA;nan;20;3;1
1488;282;PowerCoat;2019;NA;nan;50;3;1
1486;283;PowerCoat;2019;NA;nan;35;3;1
1485;285;PowerCoat;2019;NA;nan;19;3;1
1492;283;PowerCoat;2019;NA;nan;60;3;1
1491;283;PowerCoat;2019;NA;nan;49;3;1
1497;284;PowerCoat;2019;NA;nan;52;3;1
1484;285;PowerCoat;2019;NA;nan;36;2;1
1483;283;PowerCoat;2019;NA;nan;60;3;1
1496;283;PowerCoat;2019;NA;nan;58;3;1
1489;285;PowerCoat;2019;NA;nan;37;3;1
1481;285;PowerCoat;2019;NA;nan;55;3;1
1490;285;PowerCoat;2019;NA;nan;57;3;1
1487;280;PowerCoat;2019;NA;nan;48;3;1
1079;285;Fencing;2019;NA;nan;24;2;1
1080;282;Fencing;2019;NA;nan;26;3;1
1081;280;Fencing;2019;NA;nan;15;2;1
1085;283;Fencing;2019;NA;nan;19;3;1
1084;283;Fencing;2019;NA;nan;37;3;1
1725;281;Mycorrhiza;2019;NA;nan;40;3;1
1757;280;Fencing;2019;NA;nan;50;1;1
1753;280;Fencing;2019;NA;nan;44;1;1
1726;285;Fencing;2019;NA;nan;36;1;1
1734;280;Fencing;2019;NA;nan;71;1;1
1737;280;Fencing;2019;NA;nan;37;1;1
1727;280;Fencing;2019;NA;nan;32;1;1
1419;280;Mycorrhiza;2019;NA;nan;46;3;1
1420;285;Mycorrhiza;2019;NA;nan;49;3;1
1421;285;Mycorrhiza;2019;NA;nan;39;3;1
1422;280;Mycorrhiza;2019;NA;nan;32;3;1
1415;285;Mycorrhiza;2019;NA;nan;32;1;1
1417;285;Mycorrhiza;2019;NA;nan;45;3;1
1418;285;Mycorrhiza;2019;NA;nan;50;3;1
1411;285;Mycorrhiza;2019;NA;nan;50;3;1
1412;285;Mycorrhiza;2019;NA;nan;38;1;1
1413;285;Mycorrhiza;2019;NA;nan;40;1;1
1414;285;Mycorrhiza;2019;NA;nan;45;3;1
1407;281;Mycorrhiza;2019;NA;nan;57;1;1
893;280;Fencing;2019;NA;nan;32;NA;1
889;283;Fencing;2019;NA;nan;73;3;1
895;285;Fencing;2019;NA;nan;35;3;1
894;283;Fencing;2019;NA;nan;81;3;1
896;283;Fencing;2019;NA;nan;72;3;1
868;283;PowerCoat;2019;NA;nan;66;3;1
871;285;PowerCoat;2019;NA;nan;15;3;1
866;283;PowerCoat;2019;NA;nan;70;3;1
875;283;PowerCoat;2019;NA;nan;40;3;1
864;283;PowerCoat;2019;NA;nan;42;3;1
860;285;PowerCoat;2019;NA;nan;42;3;1
862;285;PowerCoat;2019;NA;nan;51;3;1
878;280;PowerCoat;2019;NA;nan;31;3;1
881;283;PowerCoat;2019;NA;nan;50;3;1
887;285;PowerCoat;2019;NA;nan;54;3;1
884;281;PowerCoat;2019;NA;nan;63;3;1
883;285;PowerCoat;2019;NA;nan;40;3;1
880;285;PowerCoat;2019;NA;nan;45;3;1
888;283;Mycorrhiza;2019;NA;nan;78;3;1
1408;285;Mycorrhiza;2019;NA;nan;45;2;1
1409;285;Mycorrhiza;2019;NA;nan;45;3;1
1403;280;Mycorrhiza;2019;NA;nan;72;1;1
1404;280;Mycorrhiza;2019;NA;nan;63;3;1
1405;280;Mycorrhiza;2019;NA;nan;50;3;1
1406;283;Mycorrhiza;2019;NA;nan;78;1;1
1399;280;Mycorrhiza;2019;NA;nan;57;1;1
1400;280;Mycorrhiza;2019;NA;nan;57;2;1
1401;280;Mycorrhiza;2019;NA;nan;66;2;1
1402;283;Mycorrhiza;2019;NA;nan;60;3;1
1395;280;Mycorrhiza;2019;NA;nan;69;3;1
1396;283;Mycorrhiza;2019;NA;nan;85;2;1
1397;283;Mycorrhiza;2019;NA;nan;52;3;1
1398;283;Mycorrhiza;2019;NA;nan;67;2;1
1434;285;Mycorrhiza;2019;NA;nan;40;3;1
1435;283;Mycorrhiza;2019;NA;nan;63;1;1
1436;283;Mycorrhiza;2019;NA;nan;44;1;1
1437;285;Mycorrhiza;2019;NA;nan;59;3;1
1431;280;Mycorrhiza;2019;NA;nan;62;2;1
1432;285;Mycorrhiza;2019;NA;nan;36;3;1
1433;280;Mycorrhiza;2019;NA;nan;60;3;1
1426;285;Mycorrhiza;2019;NA;nan;54;3;1
1427;285;Mycorrhiza;2019;NA;nan;62;3;1
1428;283;Mycorrhiza;2019;NA;nan;52;2;1
1429;283;Mycorrhiza;2019;NA;nan;71;2;1
1423;285;Mycorrhiza;2019;NA;nan;50;3;1
1425;280;Mycorrhiza;2019;NA;nan;73;3;1
1717;285;Fencing;2019;NA;nan;43;1;1
1720;285;Fencing;2019;NA;nan;43;3;1
1724;283;Fencing;2019;NA;nan;69;3;1
1738;283;Fencing;2019;NA;nan;64;2;1
1739;280;Fencing;2019;NA;nan;68;2;1
1736;280;Fencing;2019;NA;nan;41;2;1
1710;280;Fencing;2019;NA;nan;43;2;1
1721;283;Fencing;2019;NA;nan;71;1;1
1718;285;Fencing;2019;NA;nan;36;2;1
1714;283;Fencing;2019;NA;nan;71;1;1
1351;283;PowerCoat;2019;NA;nan;105;3;1
1355;282;PowerCoat;2019;NA;nan;95;3;1
1361;284;PowerCoat;2019;NA;nan;95;3;1
1359;284;PowerCoat;2019;NA;nan;79;3;1
1366;284;PowerCoat;2019;NA;nan;78;3;1
1365;284;PowerCoat;2019;NA;nan;74;3;1
1364;282;PowerCoat;2019;NA;nan;75;3;1
1363;284;PowerCoat;2019;NA;nan;73;3;1
1370;282;PowerCoat;2019;NA;nan;70;3;1
1369;284;PowerCoat;2019;NA;nan;91;3;1
1368;282;PowerCoat;2019;NA;nan;84;3;1
1372;282;PowerCoat;2019;NA;nan;62;3;1
1378;284;PowerCoat;2019;NA;nan;175;3;1
1377;282;PowerCoat;2019;NA;nan;63;3;1
1376;284;PowerCoat;2019;NA;nan;85;3;1
1382;284;PowerCoat;2019;NA;nan;100;3;1
1379;282;PowerCoat;2019;NA;nan;64;3;1
1310;284;PowerCoat;2019;NA;nan;50;3;1
1308;282;PowerCoat;2019;NA;nan;71;3;1
1307;284;PowerCoat;2019;NA;nan;85;3;1
1314;284;PowerCoat;2019;NA;nan;91;3;1
1313;282;PowerCoat;2019;NA;nan;62;3;1
1317;284;PowerCoat;2019;NA;nan;99;3;1
1316;282;PowerCoat;2019;NA;nan;50;3;1
1315;284;PowerCoat;2019;NA;nan;100;3;1
1322;282;PowerCoat;2019;NA;nan;60;3;1
1320;282;PowerCoat;2019;NA;nan;53;3;1
1319;284;PowerCoat;2019;NA;nan;101;3;1
1326;284;PowerCoat;2019;NA;nan;97;3;1
1325;284;PowerCoat;2019;NA;nan;52;3;1
1324;282;PowerCoat;2019;NA;nan;49;3;1
1323;282;PowerCoat;2019;NA;nan;53;3;1
1330;284;PowerCoat;2019;NA;nan;15;3;1
1329;284;PowerCoat;2019;NA;nan;82;3;1
1328;282;PowerCoat;2019;NA;nan;43;3;1
1327;282;PowerCoat;2019;NA;nan;78;3;1
1334;282;PowerCoat;2019;NA;nan;61;3;1
1333;284;PowerCoat;2019;NA;nan;108;3;1
1331;284;PowerCoat;2019;NA;nan;118;3;1
1337;282;PowerCoat;2019;NA;nan;47;3;1
1335;282;PowerCoat;2019;NA;nan;102;3;1
1342;284;PowerCoat;2019;NA;nan;65;3;1
1386;282;PowerCoat;2019;NA;nan;61;3;1
1383;282;PowerCoat;2019;NA;nan;60;3;1
1388;282;PowerCoat;2019;NA;nan;65;3;1
1387;282;PowerCoat;2019;NA;nan;56;3;1
1394;282;PowerCoat;2019;NA;nan;61;3;1
1393;282;PowerCoat;2019;NA;nan;30;3;1
1392;282;PowerCoat;2019;NA;nan;47;3;1
1391;282;PowerCoat;2019;NA;nan;77;3;1
1343;282;PowerCoat;2019;NA;nan;30;3;1
1348;282;PowerCoat;2019;NA;nan;40;3;1
1354;284;PowerCoat;2019;NA;nan;37;3;1
1353;284;PowerCoat;2019;NA;nan;65;3;1
1341;282;PowerCoat;2019;NA;nan;80;3;1
1340;284;PowerCoat;2019;NA;nan;50;3;1
1339;284;PowerCoat;2019;NA;nan;92;3;1
1345;284;PowerCoat;2019;NA;nan;50;3;1
1350;282;PowerCoat;2019;NA;nan;45;3;1
1795;282;PowerCoat;2019;NA;nan;34;NA;1
1786;282;PowerCoat;2019;NA;nan;63;2;1
1782;284;PowerCoat;2019;NA;nan;82;3;1
1789;284;PowerCoat;2019;NA;nan;40;2;1
1785;284;PowerCoat;2019;NA;nan;78;3;1
1781;282;PowerCoat;2019;NA;nan;62;2;1
1792;284;PowerCoat;2019;NA;nan;90;3;1
1778;282;PowerCoat;2019;NA;nan;62;3;1
1768;284;PowerCoat;2019;NA;nan;77;3;1
1765;284;PowerCoat;2019;NA;nan;42;3;1
1772;282;PowerCoat;2019;NA;nan;53;2;1
1770;282;PowerCoat;2019;NA;nan;62;3;1
1783;282;PowerCoat;2019;NA;nan;68;1;1
1716;284;PowerCoat;2019;NA;nan;91;2;1
1707;282;PowerCoat;2019;NA;nan;50;3;1
1719;284;PowerCoat;2019;NA;nan;89;2;1
1712;280;Mycorrhiza;2019;NA;nan;50;3;1
954;280;Mycorrhiza;2019;NA;nan;19;3;1
953;285;Mycorrhiza;2019;NA;nan;28;2;1
956;280;Mycorrhiza;2019;NA;nan;40;3;1
955;285;Mycorrhiza;2019;NA;nan;40;3;1
1282;285;PowerCoat;2019;NA;nan;50;3;1
1281;280;PowerCoat;2019;NA;nan;69;3;1
1280;283;PowerCoat;2019;NA;nan;62;3;1
1287;280;PowerCoat;2019;NA;nan;62;3;1
1286;283;PowerCoat;2019;NA;nan;44;3;1
1285;285;PowerCoat;2019;NA;nan;25;3;1
1284;283;PowerCoat;2019;NA;nan;60;3;1
1291;280;PowerCoat;2019;NA;nan;55;3;1
1290;283;PowerCoat;2019;NA;nan;50;3;1
1289;285;PowerCoat;2019;NA;nan;31;3;1
1288;283;PowerCoat;2019;NA;nan;88;3;1
1299;285;PowerCoat;2019;NA;nan;30;3;1
1298;283;PowerCoat;2019;NA;nan;80;3;1
1297;283;PowerCoat;2019;NA;nan;50;3;1
1303;285;PowerCoat;2019;NA;nan;30;3;1
1296;285;PowerCoat;2019;NA;nan;30;3;1
1302;283;PowerCoat;2019;NA;nan;90;3;1
1301;283;PowerCoat;2019;NA;nan;84;3;1
1300;285;PowerCoat;2019;NA;nan;30;3;1
1306;283;PowerCoat;2019;NA;nan;98;3;1
1305;285;PowerCoat;2019;NA;nan;60;3;1
1304;283;PowerCoat;2019;NA;nan;80;3;1
1773;282;PowerCoat;2019;NA;nan;31;2;1
1777;282;PowerCoat;2019;NA;nan;22;2;1
1747;282;PowerCoat;2019;NA;nan;50;2;1
904;284;PowerCoat;2019;NA;nan;56;2;1
908;284;PowerCoat;2019;NA;nan;117;2;1
912;284;PowerCoat;2019;NA;nan;89;2;1
917;284;PowerCoat;2019;NA;nan;87;3;1
921;284;PowerCoat;2019;NA;nan;69;3;1
924;282;PowerCoat;2019;NA;nan;53;2;1
925;282;PowerCoat;2019;NA;nan;66;2;1
915;284;PowerCoat;2019;NA;nan;74;2;1
914;282;PowerCoat;2019;NA;nan;35;2;1
913;284;PowerCoat;2019;NA;nan;68;2;1
909;284;PowerCoat;2019;NA;nan;57;2;1
1759;282;PowerCoat;2019;NA;nan;64;2;1
902;284;Mycorrhiza;2019;NA;nan;64;2;1
1272;285;PowerCoat;2019;NA;nan;40;3;1
1278;283;PowerCoat;2019;NA;nan;90;3;1
1277;285;PowerCoat;2019;NA;nan;29;3;1
1279;283;PowerCoat;2019;NA;nan;62;3;1
1276;283;PowerCoat;2019;NA;nan;33;3;1
1256;283;PowerCoat;2019;NA;nan;70;3;1
1262;283;PowerCoat;2019;NA;nan;73;3;1
1261;285;PowerCoat;2019;NA;nan;25;3;1
1260;283;PowerCoat;2019;NA;nan;60;3;1
1266;283;PowerCoat;2019;NA;nan;70;3;1
1271;283;PowerCoat;2019;NA;nan;90;3;1
1206;280;PowerCoat;2019;NA;nan;50;3;1
1199;283;PowerCoat;2019;NA;nan;64;3;1
1226;282;PowerCoat;2019;NA;nan;57;3;1
1190;280;PowerCoat;2019;NA;nan;43;3;1
1189;283;PowerCoat;2019;NA;nan;60;3;1
1188;283;PowerCoat;2019;NA;nan;62;3;1
1187;280;PowerCoat;2019;NA;nan;43;3;1
1194;283;PowerCoat;2019;NA;nan;70;3;1
1193;280;PowerCoat;2019;NA;nan;35;3;1
1192;280;PowerCoat;2019;NA;nan;45;3;1
1191;280;PowerCoat;2019;NA;nan;62;3;1
1202;283;PowerCoat;2019;NA;nan;57;3;1
1197;285;PowerCoat;2019;NA;nan;34;3;1
1201;283;PowerCoat;2019;NA;nan;63;3;1
1292;283;PowerCoat;2019;NA;nan;50;3;1
1293;285;PowerCoat;2019;NA;nan;30;2;1
1294;283;PowerCoat;2019;NA;nan;60;3;1
1295;280;PowerCoat;2019;NA;nan;50;3;1
1270;285;PowerCoat;2019;NA;nan;40;3;1
1269;283;PowerCoat;2019;NA;nan;60;3;1
1268;285;PowerCoat;2019;NA;nan;50;3;1
1275;283;PowerCoat;2019;NA;nan;70;3;1
1274;285;PowerCoat;2019;NA;nan;30;3;1
1273;283;PowerCoat;2019;NA;nan;75;3;1
936;282;Mycorrhiza;2019;NA;nan;32;NA;1
938;284;PowerCoat;2019;NA;nan;47;NA;1
1740;282;PowerCoat;2019;NA;nan;52;2;1
931;282;PowerCoat;2019;NA;nan;45;3;1
934;282;Mycorrhiza;2019;NA;nan;39;3;1
935;282;Mycorrhiza;2019;NA;nan;25;2;1
939;282;PowerCoat;2019;NA;nan;33;2;1
940;282;PowerCoat;2019;NA;nan;39;2;1
952;284;PowerCoat;2019;NA;nan;100;2;1
948;284;PowerCoat;2019;NA;nan;66;2;1
941;282;PowerCoat;2019;NA;nan;70;2;1
932;284;Mycorrhiza;2019;NA;nan;62;3;1
930;284;Mycorrhiza;2019;NA;nan;45;1;1
929;282;PowerCoat;2019;NA;nan;49;2;1
1746;282;PowerCoat;2019;NA;nan;32;1;1
1220;285;PowerCoat;2019;NA;nan;46;3;1
1219;283;PowerCoat;2019;NA;nan;53;3;1
1218;283;PowerCoat;2019;NA;nan;50;3;1
1217;281;PowerCoat;2019;NA;nan;73;3;1
1222;283;PowerCoat;2019;NA;nan;56;3;1
1221;285;PowerCoat;2019;NA;nan;40;3;1
1228;285;PowerCoat;2019;NA;nan;20;3;1
1212;285;PowerCoat;2019;NA;nan;40;3;1
1211;283;PowerCoat;2019;NA;nan;76;3;1
1210;285;PowerCoat;2019;NA;nan;40;3;1
957;281;Mycorrhiza;2019;NA;nan;43;1;1
958;280;Mycorrhiza;2019;NA;nan;93;2;1
959;281;Mycorrhiza;2019;NA;nan;43;3;1
961;280;Mycorrhiza;2019;NA;nan;27;2;1
962;285;Mycorrhiza;2019;NA;nan;27;2;1
960;285;Mycorrhiza;2019;NA;nan;34;2;1
963;280;Mycorrhiza;2019;NA;nan;54;2;1
965;283;Mycorrhiza;2019;NA;nan;31;1;1
976;280;Fencing;2019;NA;nan;50;3;1
972;284;Fencing;2019;NA;nan;63;3;1
973;283;Fencing;2019;NA;nan;50;3;1
974;283;Fencing;2019;NA;nan;48;3;1
970;283;Fencing;2019;NA;nan;44;3;1
969;283;Fencing;2019;NA;nan;50;1;1
968;280;Fencing;2019;NA;nan;33;2;1
967;283;Fencing;2019;NA;nan;24;1;1
978;283;Fencing;2019;NA;nan;44;3;1
971;285;Fencing;2019;NA;nan;62;3;1
982;280;Fencing;2019;NA;nan;50;3;1
981;283;Fencing;2019;NA;nan;50;3;1
984;285;Mycorrhiza;2019;NA;nan;56;3;1
985;281;Mycorrhiza;2019;NA;nan;15;1;1
983;285;Mycorrhiza;2019;NA;nan;46;1;1
986;285;Mycorrhiza;2019;NA;nan;41;3;1
980;282;Mycorrhiza;2019;NA;nan;50;2;1
979;282;Mycorrhiza;2019;NA;nan;65;2;1
987;285;Mycorrhiza;2019;NA;nan;23;2;1
990;280;Mycorrhiza;2019;NA;nan;38;3;1
989;282;Mycorrhiza;2019;NA;nan;46;1;1
988;283;Mycorrhiza;2019;NA;nan;29;1;1
993;282;Mycorrhiza;2019;NA;nan;58;3;1
998;282;Mycorrhiza;2019;NA;nan;44;1;1
997;282;Mycorrhiza;2019;NA;nan;37;1;1
996;285;Mycorrhiza;2019;NA;nan;40;3;1
995;285;Mycorrhiza;2019;NA;nan;40;1;1
991;285;Mycorrhiza;2019;NA;nan;17;1;1
994;282;Mycorrhiza;2019;NA;nan;56;3;1
1243;283;PowerCoat;2020;NA;nan;47;2;2
1246;283;PowerCoat;2020;NA;nan;50;2;2
1473;284;Mycorrhiza;2020;NA;nan;72;2;2
1477;282;PowerCoat;2020;NA;nan;43;2;2
1479;282;Mycorrhiza;2020;NA;nan;50;2;2
1458;282;Mycorrhiza;2020;NA;nan;40;2;2
1464;284;Mycorrhiza;2020;NA;nan;65;2;2
1463;284;Mycorrhiza;2020;NA;nan;72;2;2
1462;284;PowerCoat;2020;NA;nan;65;2;2
1465;284;PowerCoat;2020;NA;nan;70;2;2
1443;284;PowerCoat;2020;NA;nan;65;2;2
1448;284;PowerCoat;2020;NA;nan;71;2;2
1452;284;PowerCoat;2020;NA;nan;80;2;2
1449;284;Mycorrhiza;2020;NA;nan;120;2;2
1179;284;Fencing;2020;NA;nan;38;2;2
1181;284;Fencing;2020;NA;nan;35;2;2
1163;280;Fencing;2020;NA;nan;11;2;2
1158;284;Fencing;2020;NA;nan;63;2;2
1134;283;Fencing;2020;NA;nan;26;2;2
1143;282;Fencing;2020;NA;nan;29;2;2
1147;284;Fencing;2020;NA;nan;40;2;2
1146;282;Fencing;2020;NA;nan;41;2;2
1152;280;Fencing;2020;NA;nan;34;2;2
1156;282;Fencing;2020;NA;nan;42;3;2
1178;285;Fencing;2020;NA;nan;30;2;2
1115;283;Fencing;2020;NA;nan;32;2;2
1099;285;Fencing;2020;NA;nan;34;2;2
1101;282;Fencing;2020;NA;nan;37;2;2
1072;285;Fencing;2020;NA;nan;39;2;2
1123;282;Fencing;2020;NA;nan;24;2;2
1125;280;Fencing;2020;NA;nan;36;2;2
1067;282;Fencing;2020;NA;nan;40;2;2
1066;282;Fencing;2020;NA;nan;25;2;2
1065;284;Fencing;2020;NA;nan;37;2;2
1092;285;Fencing;2020;NA;nan;60;2;2
1074;285;Fencing;2020;NA;nan;25;2;2
1070;284;Fencing;2020;NA;nan;39;2;2
1531;282;Mycorrhiza;2020;NA;nan;50;2;2
1550;285;Mycorrhiza;2020;NA;nan;30;2;2
1562;283;Mycorrhiza;2020;NA;nan;28;2;2
1556;284;Mycorrhiza;2020;NA;nan;35;2;2
30681;280;Mycorrhiza;2020;NA;nan;37;3;2
1505;280;PowerCoat;2020;NA;nan;47;3;2
1488;282;PowerCoat;2020;NA;nan;49;3;2
1487;280;PowerCoat;2020;NA;nan;45;3;2
1485;285;PowerCoat;2020;NA;nan;26;3;2
1490;285;PowerCoat;2020;NA;nan;76;3;2
1519;285;PowerCoat;2020;NA;nan;61;3;2
1512;284;Mycorrhiza;2020;NA;nan;35;3;2
1508;284;Mycorrhiza;2020;NA;nan;59;3;2
1043;282;Mycorrhiza;2020;NA;nan;43;3;2
1128;283;Fencing;2020;NA;nan;42;3;2
1129;280;Fencing;2020;NA;nan;36;3;2
1093;285;Fencing;2020;NA;nan;45;3;2
1096;284;Fencing;2020;NA;nan;51;3;2
1090;284;Fencing;2020;NA;nan;57;3;2
1130;284;Fencing;2020;NA;nan;60;3;2
1126;285;Fencing;2020;NA;nan;26;3;2
1095;282;Fencing;2020;NA;nan;42;3;2
1089;283;Fencing;2020;NA;nan;28;2;2
1088;280;Fencing;2020;NA;nan;65;3;2
1059;283;Fencing;2020;NA;nan;47;3;2
1060;280;Fencing;2020;NA;nan;30;3;2
1061;282;Fencing;2020;NA;nan;47;3;2
1062;282;Fencing;2020;NA;nan;42;2;2
1064;285;Fencing;2020;NA;nan;40;3;2
1063;284;Fencing;2020;NA;nan;47;3;2
1075;283;Fencing;2020;NA;nan;60;3;2
1071;282;Fencing;2020;NA;nan;29;3;2
1131;285;Fencing;2020;NA;nan;33;3;2
1107;282;Fencing;2020;NA;nan;48;3;2
1177;283;Fencing;2020;NA;nan;32;3;2
1175;285;Fencing;2020;NA;nan;30;NA;2
1182;284;Fencing;2020;NA;nan;55;3;2
1180;280;Fencing;2020;NA;nan;45;3;2
1185;285;Fencing;2020;NA;nan;42;3;2
1183;283;Fencing;2020;NA;nan;31;3;2
1176;280;Fencing;2020;NA;nan;42;2;2
1174;285;Fencing;2020;NA;nan;27;2;2
1168;283;Fencing;2020;NA;nan;23;3;2
1172;283;Fencing;2020;NA;nan;40;2;2
1173;285;Fencing;2020;NA;nan;21;3;2
1165;283;Fencing;2020;NA;nan;32;3;2
1169;284;Fencing;2020;NA;nan;65;3;2
1136;280;Fencing;2020;NA;nan;68;2;2
1137;282;Fencing;2020;NA;nan;74;3;2
1157;284;Fencing;2020;NA;nan;62;3;2
1160;282;Fencing;2020;NA;nan;42;3;2
1159;283;Fencing;2020;NA;nan;35;3;2
1154;285;Fencing;2020;NA;nan;70;3;2
1141;280;Fencing;2020;NA;nan;70;3;2
1140;280;Fencing;2020;NA;nan;70;3;2
1150;282;Fencing;2020;NA;nan;31;1;2
1144;283;Fencing;2020;NA;nan;44;3;2
1142;282;Fencing;2020;NA;nan;30;3;2
1149;284;Fencing;2020;NA;nan;41;2;2
1153;283;Fencing;2020;NA;nan;42;3;2
1171;285;Fencing;2020;NA;nan;30;3;2
1106;283;Fencing;2020;NA;nan;51;3;2
1109;284;Fencing;2020;NA;nan;45;3;2
1105;285;Fencing;2020;NA;nan;57;3;2
1133;280;Fencing;2020;NA;nan;30;3;2
1121;282;Fencing;2020;NA;nan;44;3;2
1104;282;Fencing;2020;NA;nan;34;3;2
1103;283;Fencing;2020;NA;nan;50;3;2
1102;285;Fencing;2020;NA;nan;40;3;2
1098;285;Fencing;2020;NA;nan;47;3;2
1114;280;Fencing;2020;NA;nan;55;3;2
1116;285;Fencing;2020;NA;nan;31;3;2
1118;284;Fencing;2020;NA;nan;63;3;2
1113;282;Fencing;2020;NA;nan;58;3;2
1120;283;Fencing;2020;NA;nan;58;3;2
1100;284;Fencing;2020;NA;nan;41;3;2
1112;284;Fencing;2020;NA;nan;58;3;2
1111;282;Fencing;2020;NA;nan;46;3;2
1110;282;Fencing;2020;NA;nan;42;3;2
1549;285;Mycorrhiza;2020;NA;nan;25;3;2
1551;284;Mycorrhiza;2020;NA;nan;30;1;2
1544;281;Mycorrhiza;2020;NA;nan;40;2;2
1545;285;Mycorrhiza;2020;NA;nan;30;3;2
1086;280;Fencing;2020;NA;nan;40;3;2
1083;282;Fencing;2020;NA;nan;52;3;2
1087;285;Fencing;2020;NA;nan;40;NA;2
1082;285;Fencing;2020;NA;nan;28;3;2
1068;282;Fencing;2020;NA;nan;77;NA;2
1069;283;Fencing;2020;NA;nan;76;NA;2
1548;280;Mycorrhiza;2020;NA;nan;50;3;2
1561;282;Mycorrhiza;2020;NA;nan;49;3;2
1560;285;Mycorrhiza;2020;NA;nan;30;3;2
1563;285;Mycorrhiza;2020;NA;nan;35;3;2
1557;282;Mycorrhiza;2020;NA;nan;28;3;2
1558;283;Mycorrhiza;2020;NA;nan;31;3;2
1085;283;Fencing;2020;NA;nan;40;3;2
1081;280;Fencing;2020;NA;nan;48;3;2
1080;282;Fencing;2020;NA;nan;31;3;2
1079;285;Fencing;2020;NA;nan;54;NA;2
1084;283;Fencing;2020;NA;nan;50;NA;2
1536;285;Mycorrhiza;2020;NA;nan;28;2;2
1537;280;Mycorrhiza;2020;NA;nan;40;3;2
1538;282;Mycorrhiza;2020;NA;nan;44;3;2
1533;283;Mycorrhiza;2020;NA;nan;31;3;2
1520;284;Mycorrhiza;2020;NA;nan;68;2;2
1527;280;Mycorrhiza;2020;NA;nan;39;3;2
1524;285;Mycorrhiza;2020;NA;nan;22;3;2
1530;283;Mycorrhiza;2020;NA;nan;52;3;2
1528;282;Mycorrhiza;2020;NA;nan;51;3;2
1535;283;Mycorrhiza;2020;NA;nan;38;3;2
1547;283;Mycorrhiza;2020;NA;nan;41;3;2
1541;282;Mycorrhiza;2020;NA;nan;52;3;2
1542;284;Mycorrhiza;2020;NA;nan;50;3;2
1543;284;Mycorrhiza;2020;NA;nan;47;3;2
1525;282;Mycorrhiza;2020;NA;nan;48;3;2
1521;285;Mycorrhiza;2020;NA;nan;44;3;2
1522;285;Mycorrhiza;2020;NA;nan;30;3;2
1523;282;Mycorrhiza;2020;NA;nan;60;3;2
1516;285;Mycorrhiza;2020;NA;nan;40;3;2
1513;284;Mycorrhiza;2020;NA;nan;75;3;2
1515;285;Mycorrhiza;2020;NA;nan;31;3;2
1509;285;PowerCoat;2020;NA;nan;41;3;2
1506;280;PowerCoat;2020;NA;nan;50;3;2
1511;285;Fencing;2020;NA;nan;55;NA;2
1507;284;Mycorrhiza;2020;NA;nan;51;3;2
1517;285;Mycorrhiza;2020;NA;nan;64;3;2
1502;283;Mycorrhiza;2020;NA;nan;34;3;2
1501;284;Mycorrhiza;2020;NA;nan;41;3;2
1503;285;Mycorrhiza;2020;NA;nan;36;3;2
1497;284;PowerCoat;2020;NA;nan;50;2;2
1499;284;PowerCoat;2020;NA;nan;51;3;2
1500;285;PowerCoat;2020;NA;nan;51;3;2
1493;282;PowerCoat;2020;NA;nan;46;3;2
1494;285;PowerCoat;2020;NA;nan;56;3;2
1495;280;PowerCoat;2020;NA;nan;46;3;2
1496;283;PowerCoat;2020;NA;nan;84;3;2
1489;285;PowerCoat;2020;NA;nan;46;3;2
1491;283;PowerCoat;2020;NA;nan;92;3;2
1492;283;PowerCoat;2020;NA;nan;64;3;2
1486;283;PowerCoat;2020;NA;nan;64;3;2
1481;285;PowerCoat;2020;NA;nan;60;3;2
1483;283;PowerCoat;2020;NA;nan;61;3;2
1484;285;PowerCoat;2020;NA;nan;44;3;2
1212;285;PowerCoat;2020;NA;nan;36;3;2
1211;283;PowerCoat;2020;NA;nan;86;3;2
1210;285;PowerCoat;2020;NA;nan;44;3;2
1220;285;PowerCoat;2020;NA;nan;40;3;2
1214;283;PowerCoat;2020;NA;nan;96;3;2
1215;285;PowerCoat;2020;NA;nan;64;3;2
1195;285;PowerCoat;2020;NA;nan;41;3;2
1201;283;PowerCoat;2020;NA;nan;68;3;2
1196;283;PowerCoat;2020;NA;nan;82;3;2
1197;285;PowerCoat;2020;NA;nan;40;3;2
1202;283;PowerCoat;2020;NA;nan;84;3;2
1198;280;PowerCoat;2020;NA;nan;24;3;2
1191;280;PowerCoat;2020;NA;nan;54;3;2
1192;280;PowerCoat;2020;NA;nan;46;3;2
1193;280;PowerCoat;2020;NA;nan;40;3;2
1194;283;PowerCoat;2020;NA;nan;78;3;2
1187;280;PowerCoat;2020;NA;nan;48;3;2
1188;283;PowerCoat;2020;NA;nan;86;3;2
1189;283;PowerCoat;2020;NA;nan;84;3;2
1190;280;PowerCoat;2020;NA;nan;48;3;2
1226;282;PowerCoat;2020;NA;nan;50;3;2
1227;280;PowerCoat;2020;NA;nan;46;3;2
1228;285;PowerCoat;2020;NA;nan;31;3;2
1221;285;PowerCoat;2020;NA;nan;36;3;2
1222;283;PowerCoat;2020;NA;nan;80;3;2
1223;285;PowerCoat;2020;NA;nan;40;3;2
1224;283;PowerCoat;2020;NA;nan;68;3;2
1217;281;PowerCoat;2020;NA;nan;68;3;2
1213;283;PowerCoat;2020;NA;nan;68;3;2
1218;283;PowerCoat;2020;NA;nan;70;3;2
1219;283;PowerCoat;2020;NA;nan;55;3;2
1050;283;Mycorrhiza;2020;NA;nan;49;3;2
1052;285;Mycorrhiza;2020;NA;nan;45;3;2
1051;283;Mycorrhiza;2020;NA;nan;59;3;2
1053;282;Mycorrhiza;2020;NA;nan;55;3;2
1047;283;Mycorrhiza;2020;NA;nan;12;3;2
1058;284;Mycorrhiza;2020;NA;nan;45;3;2
1045;285;Mycorrhiza;2020;NA;nan;66;3;2
1044;283;Mycorrhiza;2020;NA;nan;65;3;2
1041;285;Mycorrhiza;2020;NA;nan;45;3;2
1040;281;Mycorrhiza;2020;NA;nan;97;3;2
1032;285;Mycorrhiza;2020;NA;nan;40;2;2
1046;284;Mycorrhiza;2020;NA;nan;29;3;2
30674;280;Mycorrhiza;2020;NA;nan;71;3;2
1057;282;Mycorrhiza;2020;NA;nan;70;3;2
1027;285;Mycorrhiza;2020;NA;nan;60;3;2
1048;280;Mycorrhiza;2020;NA;nan;60;3;2
1024;284;Mycorrhiza;2020;NA;nan;26;3;2
30682;285;Mycorrhiza;2020;NA;nan;52;3;2
1054;283;Mycorrhiza;2020;NA;nan;70;3;2
1038;285;Mycorrhiza;2020;NA;nan;60;3;2
1037;285;Mycorrhiza;2020;NA;nan;50;3;2
1036;285;Mycorrhiza;2020;NA;nan;60;3;2
1304;283;PowerCoat;2020;NA;nan;96;3;2
1305;285;PowerCoat;2020;NA;nan;70;3;2
1306;283;PowerCoat;2020;NA;nan;102;3;2
1300;285;PowerCoat;2020;NA;nan;36;3;2
1301;283;PowerCoat;2020;NA;nan;84;2;2
1302;283;PowerCoat;2020;NA;nan;90;3;2
1303;285;PowerCoat;2020;NA;nan;41;3;2
1296;285;PowerCoat;2020;NA;nan;44;3;2
1297;283;PowerCoat;2020;NA;nan;71;3;2
1298;283;PowerCoat;2020;NA;nan;90;3;2
1299;285;PowerCoat;2020;NA;nan;41;3;2
1288;283;PowerCoat;2020;NA;nan;96;3;2
1289;285;PowerCoat;2020;NA;nan;21;3;2
1290;283;PowerCoat;2020;NA;nan;64;3;2
1291;280;PowerCoat;2020;NA;nan;55;3;2
1284;283;PowerCoat;2020;NA;nan;80;3;2
1285;285;PowerCoat;2020;NA;nan;28;3;2
1269;283;PowerCoat;2020;NA;nan;68;3;2
1270;285;PowerCoat;2020;NA;nan;44;3;2
1286;283;PowerCoat;2020;NA;nan;58;3;2
1268;285;PowerCoat;2020;NA;nan;34;3;2
1264;285;PowerCoat;2020;NA;nan;30;3;2
1271;283;PowerCoat;2020;NA;nan;90;3;2
1203;283;PowerCoat;2020;NA;nan;60;3;2
1204;285;PowerCoat;2020;NA;nan;31;3;2
1205;283;PowerCoat;2020;NA;nan;90;3;2
1206;280;PowerCoat;2020;NA;nan;50;3;2
1199;283;PowerCoat;2020;NA;nan;68;3;2
1200;285;PowerCoat;2020;NA;nan;30;3;2
1293;285;PowerCoat;2020;NA;nan;34;3;2
1292;283;PowerCoat;2020;NA;nan;50;3;2
1294;283;PowerCoat;2020;NA;nan;76;3;2
1295;280;PowerCoat;2020;NA;nan;57;3;2
1287;280;PowerCoat;2020;NA;nan;58;3;2
1280;283;PowerCoat;2020;NA;nan;90;3;2
1281;280;PowerCoat;2020;NA;nan;76;3;2
1282;285;PowerCoat;2020;NA;nan;41;3;2
1277;285;PowerCoat;2020;NA;nan;30;3;2
1276;283;PowerCoat;2020;NA;nan;41;3;2
1278;283;PowerCoat;2020;NA;nan;104;3;2
1279;283;PowerCoat;2020;NA;nan;74;3;2
1272;285;PowerCoat;2020;NA;nan;40;3;2
1273;283;PowerCoat;2020;NA;nan;88;3;2
1274;285;PowerCoat;2020;NA;nan;36;3;2
1275;283;PowerCoat;2020;NA;nan;80;3;2
1266;283;PowerCoat;2020;NA;nan;90;3;2
1267;280;PowerCoat;2020;NA;nan;30;3;2
1260;283;PowerCoat;2020;NA;nan;84;3;2
1261;285;PowerCoat;2020;NA;nan;32;3;2
1262;283;PowerCoat;2020;NA;nan;94;3;2
1263;280;PowerCoat;2020;NA;nan;41;3;2
1256;283;PowerCoat;2020;NA;nan;94;3;2
1257;283;PowerCoat;2020;NA;nan;96;3;2
1258;283;PowerCoat;2020;NA;nan;96;3;2
1259;285;PowerCoat;2020;NA;nan;32;3;2
1253;283;PowerCoat;2020;NA;nan;82;3;2
1255;283;PowerCoat;2020;NA;nan;61;3;2
1254;285;PowerCoat;2020;NA;nan;44;3;2
1209;285;PowerCoat;2020;NA;nan;49;3;2
1230;284;PowerCoat;2020;NA;nan;58;3;2
1231;283;PowerCoat;2020;NA;nan;57;3;2
1232;280;PowerCoat;2020;NA;nan;66;3;2
1249;285;PowerCoat;2020;NA;nan;59;3;2
1250;283;PowerCoat;2020;NA;nan;116;3;2
1251;285;PowerCoat;2020;NA;nan;48;3;2
1245;283;PowerCoat;2020;NA;nan;103;3;2
1248;283;PowerCoat;2020;NA;nan;94;3;2
1242;285;PowerCoat;2020;NA;nan;41;3;2
1241;280;PowerCoat;2020;NA;nan;56;3;2
1247;285;PowerCoat;2020;NA;nan;41;3;2
1237;285;PowerCoat;2020;NA;nan;39;3;2
1238;280;PowerCoat;2020;NA;nan;42;3;2
1239;285;PowerCoat;2020;NA;nan;48;3;2
1234;280;PowerCoat;2020;NA;nan;64;3;2
1236;283;PowerCoat;2020;NA;nan;76;3;2
1480;282;Mycorrhiza;2020;NA;nan;80;3;2
1474;282;Mycorrhiza;2020;NA;nan;66;3;2
1475;282;Mycorrhiza;2020;NA;nan;39;1;2
1478;284;PowerCoat;2020;NA;nan;72;3;2
1476;282;Mycorrhiza;2020;NA;nan;44;3;2
1469;284;PowerCoat;2020;NA;nan;92;3;2
1470;282;PowerCoat;2020;NA;nan;60;3;2
1471;284;PowerCoat;2020;NA;nan;69;3;2
1472;282;PowerCoat;2020;NA;nan;51;2;2
1466;282;PowerCoat;2020;NA;nan;60;3;2
1467;284;PowerCoat;2020;NA;nan;82;2;2
1468;284;PowerCoat;2020;NA;nan;72;1;2
1461;284;PowerCoat;2020;NA;nan;91;3;2
1455;282;Mycorrhiza;2020;NA;nan;59;2;2
1451;284;Mycorrhiza;2020;NA;nan;110;3;2
1457;284;Mycorrhiza;2020;NA;nan;70;3;2
1454;282;Mycorrhiza;2020;NA;nan;136;3;2
1460;282;Mycorrhiza;2020;NA;nan;47;1;2
1456;282;Mycorrhiza;2020;NA;nan;95;3;2
965;283;Mycorrhiza;2020;NA;nan;32;2;2
963;280;Mycorrhiza;2020;NA;nan;28;3;2
960;285;Mycorrhiza;2020;NA;nan;30;3;2
962;285;Mycorrhiza;2020;NA;nan;48;3;2
961;280;Mycorrhiza;2020;NA;nan;31;3;2
976;280;Fencing;2020;NA;nan;54;3;2
978;283;Fencing;2020;NA;nan;58;3;2
971;285;Fencing;2020;NA;nan;57;3;2
982;280;Fencing;2020;NA;nan;50;3;2
981;283;Fencing;2020;NA;nan;44;3;2
972;284;Fencing;2020;NA;nan;58;3;2
973;283;Fencing;2020;NA;nan;70;3;2
974;283;Fencing;2020;NA;nan;60;3;2
967;283;Fencing;2020;NA;nan;38;3;2
968;280;Fencing;2020;NA;nan;50;3;2
969;283;Fencing;2020;NA;nan;54;3;2
970;283;Fencing;2020;NA;nan;53;3;2
979;282;Mycorrhiza;2020;NA;nan;64;3;2
980;282;Mycorrhiza;2020;NA;nan;68;3;2
986;285;Mycorrhiza;2020;NA;nan;40;3;2
983;285;Mycorrhiza;2020;NA;nan;14;1;2
985;281;Mycorrhiza;2020;NA;nan;31;3;2
984;285;Mycorrhiza;2020;NA;nan;51;3;2
988;283;Mycorrhiza;2020;NA;nan;40;3;2
989;282;Mycorrhiza;2020;NA;nan;68;2;2
990;280;Mycorrhiza;2020;NA;nan;58;3;2
987;285;Mycorrhiza;2020;NA;nan;31;3;2
996;285;Mycorrhiza;2020;NA;nan;46;3;2
997;282;Mycorrhiza;2020;NA;nan;61;3;2
998;282;Mycorrhiza;2020;NA;nan;40;3;2
993;282;Mycorrhiza;2020;NA;nan;50;3;2
994;282;Mycorrhiza;2020;NA;nan;50;2;2
991;285;Mycorrhiza;2020;NA;nan;41;3;2
995;285;Mycorrhiza;2020;NA;nan;34;3;2
1450;282;Mycorrhiza;2020;NA;nan;100;2;2
1440;282;Mycorrhiza;2020;NA;nan;52;3;2
1439;282;Mycorrhiza;2020;NA;nan;66;3;2
1444;282;PowerCoat;2020;NA;nan;80;3;2
1446;282;PowerCoat;2020;NA;nan;62;1;2
1441;284;Mycorrhiza;2020;NA;nan;110;3;2
1442;284;PowerCoat;2020;NA;nan;60;2;2
957;281;Mycorrhiza;2020;NA;nan;38;2;2
959;281;Mycorrhiza;2020;NA;nan;49;3;2
958;280;Mycorrhiza;2020;NA;nan;30;3;2
1445;282;PowerCoat;2020;NA;nan;50;3;2
956;280;Mycorrhiza;2020;NA;nan;43;3;2
955;285;Mycorrhiza;2020;NA;nan;48;3;2
953;285;Mycorrhiza;2020;NA;nan;28;3;2
954;280;Mycorrhiza;2020;NA;nan;33;3;2
1712;280;Mycorrhiza;2020;NA;nan;58;3;2
1398;283;Mycorrhiza;2020;NA;nan;68;3;2
1396;283;Mycorrhiza;2020;NA;nan;104;3;2
1395;280;Mycorrhiza;2020;NA;nan;70;3;2
1397;283;Mycorrhiza;2020;NA;nan;78;3;2
1402;283;Mycorrhiza;2020;NA;nan;76;3;2
1400;280;Mycorrhiza;2020;NA;nan;31;3;2
1401;280;Mycorrhiza;2020;NA;nan;56;3;2
1399;280;Mycorrhiza;2020;NA;nan;28;3;2
1406;283;Mycorrhiza;2020;NA;nan;79;3;2
1405;280;Mycorrhiza;2020;NA;nan;54;3;2
1404;280;Mycorrhiza;2020;NA;nan;56;3;2
1403;280;Mycorrhiza;2020;NA;nan;42;1;2
1409;285;Mycorrhiza;2020;NA;nan;46;3;2
1408;285;Mycorrhiza;2020;NA;nan;31;3;2
1407;281;Mycorrhiza;2020;NA;nan;68;2;2
1414;285;Mycorrhiza;2020;NA;nan;51;3;2
1413;285;Mycorrhiza;2020;NA;nan;38;3;2
1412;285;Mycorrhiza;2020;NA;nan;40;3;2
1411;285;Mycorrhiza;2020;NA;nan;50;3;2
1418;285;Mycorrhiza;2020;NA;nan;40;3;2
1417;285;Mycorrhiza;2020;NA;nan;41;3;2
1415;285;Mycorrhiza;2020;NA;nan;46;3;2
1422;280;Mycorrhiza;2020;NA;nan;28;3;2
1421;285;Mycorrhiza;2020;NA;nan;44;3;2
1419;280;Mycorrhiza;2020;NA;nan;46;3;2
1420;285;Mycorrhiza;2020;NA;nan;41;3;2
1425;280;Mycorrhiza;2020;NA;nan;58;3;2
1429;283;Mycorrhiza;2020;NA;nan;78;3;2
1423;285;Mycorrhiza;2020;NA;nan;46;3;2
1428;283;Mycorrhiza;2020;NA;nan;68;3;2
1427;285;Mycorrhiza;2020;NA;nan;60;3;2
1426;285;Mycorrhiza;2020;NA;nan;48;3;2
1433;280;Mycorrhiza;2020;NA;nan;58;3;2
1432;285;Mycorrhiza;2020;NA;nan;32;3;2
1431;280;Mycorrhiza;2020;NA;nan;57;3;2
1437;285;Mycorrhiza;2020;NA;nan;56;3;2
1436;283;Mycorrhiza;2020;NA;nan;44;1;2
1435;283;Mycorrhiza;2020;NA;nan;70;3;2
1434;285;Mycorrhiza;2020;NA;nan;41;3;2
1720;285;Fencing;2020;NA;nan;38;3;2
1724;283;Fencing;2020;NA;nan;70;3;2
1736;280;Fencing;2020;NA;nan;48;3;2
1739;280;Fencing;2020;NA;nan;69;3;2
1738;283;Fencing;2020;NA;nan;60;3;2
1717;285;Fencing;2020;NA;nan;36;3;2
1714;283;Fencing;2020;NA;nan;56;1;2
1710;280;Fencing;2020;NA;nan;35;3;2
1721;283;Fencing;2020;NA;nan;64;2;2
1718;285;Fencing;2020;NA;nan;30;3;2
883;285;PowerCoat;2020;NA;nan;42;3;2
880;285;PowerCoat;2020;NA;nan;45;3;2
884;281;PowerCoat;2020;NA;nan;60;2;2
887;285;PowerCoat;2020;NA;nan;55;3;2
882;285;PowerCoat;2020;NA;nan;31;3;2
881;283;PowerCoat;2020;NA;nan;68;3;2
878;280;PowerCoat;2020;NA;nan;32;3;2
877;285;PowerCoat;2020;NA;nan;30;3;2
876;285;PowerCoat;2020;NA;nan;40;3;2
867;285;PowerCoat;2020;NA;nan;33;3;2
865;285;PowerCoat;2020;NA;nan;72;3;2
862;285;PowerCoat;2020;NA;nan;40;1;2
861;285;PowerCoat;2020;NA;nan;20;3;2
860;285;PowerCoat;2020;NA;nan;47;3;2
864;283;PowerCoat;2020;NA;nan;52;3;2
868;283;PowerCoat;2020;NA;nan;48;3;2
871;285;PowerCoat;2020;NA;nan;18;2;2
866;283;PowerCoat;2020;NA;nan;80;3;2
875;283;PowerCoat;2020;NA;nan;64;3;2
874;283;Mycorrhiza;2020;NA;nan;80;2;2
873;285;Mycorrhiza;2020;NA;nan;11;2;2
872;285;Mycorrhiza;2020;NA;nan;17;3;2
869;280;Mycorrhiza;2020;NA;nan;14;3;2
870;283;Mycorrhiza;2020;NA;nan;21;3;2
888;283;Mycorrhiza;2020;NA;nan;86;2;2
890;280;Fencing;2020;NA;nan;51;1;2
889;283;Fencing;2020;NA;nan;80;2;2
892;283;Fencing;2020;NA;nan;70;3;2
893;280;Fencing;2020;NA;nan;21;2;2
895;285;Fencing;2020;NA;nan;31;2;2
894;283;Fencing;2020;NA;nan;85;3;2
896;283;Fencing;2020;NA;nan;81;3;2
900;283;Mycorrhiza;2020;NA;nan;98;3;2
898;285;Fencing;2020;NA;nan;44;3;2
897;285;Fencing;2020;NA;nan;10;1;2
1731;280;Fencing;2020;NA;nan;54;3;2
1727;280;Fencing;2020;NA;nan;50;1;2
1737;280;Fencing;2020;NA;nan;19;3;2
1734;280;Fencing;2020;NA;nan;70;1;2
1726;285;Fencing;2020;NA;nan;37;1;2
1753;280;Fencing;2020;NA;nan;43;1;2
1757;280;Fencing;2020;NA;nan;49;1;2
1725;281;Mycorrhiza;2020;NA;nan;46;3;2
1719;284;PowerCoat;2020;NA;nan;114;3;2
1716;284;PowerCoat;2020;NA;nan;132;3;2
1783;282;PowerCoat;2020;NA;nan;74;3;2
1707;282;PowerCoat;2020;NA;nan;70;3;2
1754;283;Mycorrhiza;2020;NA;nan;49;3;2
1750;285;Mycorrhiza;2020;NA;nan;49;1;2
1745;283;Mycorrhiza;2020;NA;nan;60;2;2
1741;285;Mycorrhiza;2020;NA;nan;51;3;2
1391;282;PowerCoat;2020;NA;nan;90;3;2
1392;282;PowerCoat;2020;NA;nan;60;2;2
1393;282;PowerCoat;2020;NA;nan;92;3;2
1394;282;PowerCoat;2020;NA;nan;85;3;2
1387;282;PowerCoat;2020;NA;nan;61;3;2
1388;282;PowerCoat;2020;NA;nan;72;3;2
1389;282;PowerCoat;2020;NA;nan;100;3;2
1390;282;PowerCoat;2020;NA;nan;61;2;2
1383;282;PowerCoat;2020;NA;nan;90;3;2
1386;282;PowerCoat;2020;NA;nan;70;1;2
1748;282;PowerCoat;2020;NA;nan;54;3;2
945;284;PowerCoat;2020;NA;nan;52;3;2
949;282;Mycorrhiza;2020;NA;nan;55;3;2
940;282;PowerCoat;2020;NA;nan;36;3;2
938;284;PowerCoat;2020;NA;nan;46;3;2
939;282;PowerCoat;2020;NA;nan;52;3;2
936;282;Mycorrhiza;2020;NA;nan;63;3;2
934;282;Mycorrhiza;2020;NA;nan;68;3;2
935;282;Mycorrhiza;2020;NA;nan;31;3;2
928;282;Mycorrhiza;2020;NA;nan;28;2;2
929;282;PowerCoat;2020;NA;nan;44;3;2
1746;282;PowerCoat;2020;NA;nan;34;3;2
1742;282;Mycorrhiza;2020;NA;nan;74;3;2
1752;284;Mycorrhiza;2020;NA;nan;56;1;2
952;284;PowerCoat;2020;NA;nan;103;3;2
948;284;PowerCoat;2020;NA;nan;80;3;2
941;282;PowerCoat;2020;NA;nan;14;1;2
942;284;PowerCoat;2020;NA;nan;112;3;2
932;284;Mycorrhiza;2020;NA;nan;38;2;2
930;284;Mycorrhiza;2020;NA;nan;99;3;2
931;282;PowerCoat;2020;NA;nan;80;3;2
901;284;PowerCoat;2020;NA;nan;76;3;2
902;284;Mycorrhiza;2020;NA;nan;94;3;2
1759;282;PowerCoat;2020;NA;nan;86;3;2
905;284;PowerCoat;2020;NA;nan;41;1;2
909;284;PowerCoat;2020;NA;nan;70;3;2
1740;282;PowerCoat;2020;NA;nan;50;3;2
913;284;PowerCoat;2020;NA;nan;78;3;2
914;282;PowerCoat;2020;NA;nan;44;1;2
915;284;PowerCoat;2020;NA;nan;70;3;2
917;284;PowerCoat;2020;NA;nan;46;3;2
916;284;PowerCoat;2020;NA;nan;135;3;2
921;284;PowerCoat;2020;NA;nan;89;3;2
924;282;PowerCoat;2020;NA;nan;50;3;2
925;282;PowerCoat;2020;NA;nan;60;3;2
912;284;PowerCoat;2020;NA;nan;110;3;2
1379;282;PowerCoat;2020;NA;nan;78;2;2
1380;284;PowerCoat;2020;NA;nan;108;3;2
1382;284;PowerCoat;2020;NA;nan;131;3;2
1375;282;PowerCoat;2020;NA;nan;90;3;2
1376;284;PowerCoat;2020;NA;nan;130;3;2
1377;282;PowerCoat;2020;NA;nan;90;3;2
1378;284;PowerCoat;2020;NA;nan;200;3;2
1372;282;PowerCoat;2020;NA;nan;90;3;2
1368;282;PowerCoat;2020;NA;nan;92;3;2
1369;284;PowerCoat;2020;NA;nan;102;3;2
1370;282;PowerCoat;2020;NA;nan;70;1;2
1363;284;PowerCoat;2020;NA;nan;112;3;2
1364;282;PowerCoat;2020;NA;nan;85;3;2
1365;284;PowerCoat;2020;NA;nan;92;3;2
1366;284;PowerCoat;2020;NA;nan;105;3;2
1359;284;PowerCoat;2020;NA;nan;137;3;2
1361;284;PowerCoat;2020;NA;nan;109;2;2
1362;282;PowerCoat;2020;NA;nan;61;NA;2
1355;282;PowerCoat;2020;NA;nan;135;3;2
1357;284;PowerCoat;2020;NA;nan;114;3;2
1351;283;PowerCoat;2020;NA;nan;120;3;2
1353;284;PowerCoat;2020;NA;nan;81;3;2
1354;284;PowerCoat;2020;NA;nan;60;3;2
1348;282;PowerCoat;2020;NA;nan;55;3;2
1343;282;PowerCoat;2020;NA;nan;70;2;2
1349;282;PowerCoat;2020;NA;nan;72;3;2
1345;284;PowerCoat;2020;NA;nan;92;3;2
908;284;PowerCoat;2020;NA;nan;120;3;2
910;284;PowerCoat;2020;NA;nan;76;3;2
904;284;PowerCoat;2020;NA;nan;46;2;2
903;284;PowerCoat;2020;NA;nan;80;3;2
907;284;PowerCoat;2020;NA;nan;90;3;2
906;284;PowerCoat;2020;NA;nan;77;1;2
1792;284;PowerCoat;2020;NA;nan;105;3;2
1795;282;PowerCoat;2020;NA;nan;57;3;2
1781;282;PowerCoat;2020;NA;nan;77;3;2
1785;284;PowerCoat;2020;NA;nan;96;3;2
1789;284;PowerCoat;2020;NA;nan;58;3;2
1797;284;PowerCoat;2020;NA;nan;78;3;2
1782;284;PowerCoat;2020;NA;nan;100;3;2
1786;282;PowerCoat;2020;NA;nan;61;3;2
1790;284;PowerCoat;2020;NA;nan;102;3;2
919;282;PowerCoat;2020;NA;nan;40;3;2
1794;282;PowerCoat;2020;NA;nan;48;3;2
1765;284;PowerCoat;2020;NA;nan;71;3;2
1768;284;PowerCoat;2020;NA;nan;96;3;2
1764;284;PowerCoat;2020;NA;nan;78;3;2
1778;282;PowerCoat;2020;NA;nan;78;3;2
1762;282;PowerCoat;2020;NA;nan;54;3;2
1796;284;PowerCoat;2020;NA;nan;46;3;2
1350;282;PowerCoat;2020;NA;nan;102;3;2
1339;284;PowerCoat;2020;NA;nan;110;3;2
1340;284;PowerCoat;2020;NA;nan;71;3;2
1341;282;PowerCoat;2020;NA;nan;104;3;2
1342;284;PowerCoat;2020;NA;nan;105;2;2
1335;282;PowerCoat;2020;NA;nan;131;3;2
1336;284;PowerCoat;2020;NA;nan;115;3;2
1337;282;PowerCoat;2020;NA;nan;30;1;2
1331;284;PowerCoat;2020;NA;nan;140;3;2
1333;284;PowerCoat;2020;NA;nan;140;3;2
1334;282;PowerCoat;2020;NA;nan;122;3;2
1327;282;PowerCoat;2020;NA;nan;100;3;2
1328;282;PowerCoat;2020;NA;nan;69;3;2
1329;284;PowerCoat;2020;NA;nan;88;2;2
1330;284;PowerCoat;2020;NA;nan;50;3;2
1323;282;PowerCoat;2020;NA;nan;91;3;2
1324;282;PowerCoat;2020;NA;nan;50;3;2
1325;284;PowerCoat;2020;NA;nan;53;3;2
1326;284;PowerCoat;2020;NA;nan;106;2;2
1319;284;PowerCoat;2020;NA;nan;126;3;2
1320;282;PowerCoat;2020;NA;nan;58;2;2
1321;284;PowerCoat;2020;NA;nan;149;3;2
1322;282;PowerCoat;2020;NA;nan;70;3;2
1315;284;PowerCoat;2020;NA;nan;130;3;2
1316;282;PowerCoat;2020;NA;nan;58;2;2
1317;284;PowerCoat;2020;NA;nan;151;3;2
1318;282;PowerCoat;2020;NA;nan;97;3;2
1311;282;PowerCoat;2020;NA;nan;135;3;2
1312;284;PowerCoat;2020;NA;nan;135;3;2
1313;282;PowerCoat;2020;NA;nan;60;3;2
1314;284;PowerCoat;2020;NA;nan;125;3;2
1307;284;PowerCoat;2020;NA;nan;135;2;2
1308;282;PowerCoat;2020;NA;nan;85;3;2
1309;282;PowerCoat;2020;NA;nan;101;3;2
1310;284;PowerCoat;2020;NA;nan;49;2;2
1771;282;PowerCoat;2020;NA;nan;52;3;2
1772;282;PowerCoat;2020;NA;nan;59;2;2
1770;282;PowerCoat;2020;NA;nan;102;3;2
1777;282;PowerCoat;2020;NA;nan;27;3;2
1773;282;PowerCoat;2020;NA;nan;40;3;2
1747;282;PowerCoat;2020;NA;nan;58;2;2
1751;282;PowerCoat;2020;NA;nan;60;3;2
1755;282;PowerCoat;2020;NA;nan;38;2;2
901;284;PowerCoat;2021;NA;29;85;2;3
902;284;Mycorrhiza;2021;NA;37;134;3;3
903;284;PowerCoat;2021;NA;36;109;3;3
904;284;PowerCoat;2021;NA;1;53;1;3
905;284;PowerCoat;2021;NA;1;36;1;3
906;284;PowerCoat;2021;NA;1;81;1;3
907;284;PowerCoat;2021;NA;35;99;3;3
908;284;PowerCoat;2021;NA;52;162;3;3
909;284;PowerCoat;2021;NA;32;107;3;3
910;284;PowerCoat;2021;NA;31;99;3;3
912;284;PowerCoat;2021;NA;61;123;3;3
913;284;PowerCoat;2021;NA;26;76;3;3
914;282;PowerCoat;2021;NA;1;38;1;3
915;284;PowerCoat;2021;NA;17;58;3;3
916;284;PowerCoat;2021;NA;49;168;3;3
917;284;PowerCoat;2021;NA;33;59;3;3
919;282;PowerCoat;2021;NA;19;35;2;3
921;284;PowerCoat;2021;NA;46;124;3;3
924;282;PowerCoat;2021;NA;23;59;3;3
925;282;PowerCoat;2021;NA;28;73;3;3
928;282;Mycorrhiza;2021;NA;13;32;3;3
931;282;PowerCoat;2021;NA;36;119;3;3
934;282;Mycorrhiza;2021;NA;95;94;3;3
935;282;Mycorrhiza;2021;NA;26;34;3;3
936;282;Mycorrhiza;2021;NA;50;100;3;3
938;284;PowerCoat;2021;NA;12;57;3;3
939;282;PowerCoat;2021;NA;20;39;3;3
1740;282;PowerCoat;2021;NA;30;62;3;3
1759;282;PowerCoat;2021;NA;46;95;2;3
1762;282;PowerCoat;2021;NA;10;24;3;3
1764;284;PowerCoat;2021;NA;26;95;3;3
1765;284;PowerCoat;2021;NA;43;112;3;3
1768;284;PowerCoat;2021;NA;58;133;3;3
1770;282;PowerCoat;2021;NA;44;123;3;3
1771;282;PowerCoat;2021;NA;28;54;2;3
1772;282;PowerCoat;2021;NA;23;58;3;3
1778;282;PowerCoat;2021;NA;48;93;3;3
1781;282;PowerCoat;2021;NA;21;90;3;3
1782;284;PowerCoat;2021;NA;45;117;3;3
1785;284;PowerCoat;2021;NA;38;125;3;3
1786;282;PowerCoat;2021;NA;34;67;3;3
1789;284;PowerCoat;2021;NA;24;67;3;3
1790;284;PowerCoat;2021;NA;41;130;3;3
1792;284;PowerCoat;2021;NA;61;125;3;3
1794;282;PowerCoat;2021;NA;25;43;3;3
1795;282;PowerCoat;2021;NA;20;58;3;3
1796;284;PowerCoat;2021;NA;14;50;3;3
1797;284;PowerCoat;2021;NA;9;83;2;3
1307;284;PowerCoat;2021;NA;50;151;3;3
1308;282;PowerCoat;2021;NA;64;101;3;3
1309;282;PowerCoat;2021;NA;33;120;2;3
1310;284;PowerCoat;2021;NA;27;49;2;3
1311;282;PowerCoat;2021;NA;43;137;3;3
1312;284;PowerCoat;2021;NA;38;154;3;3
1313;282;PowerCoat;2021;NA;31;70;3;3
1314;284;PowerCoat;2021;NA;61;136;3;3
1315;284;PowerCoat;2021;NA;42;147;3;3
1316;282;PowerCoat;2021;NA;38;74;3;3
1317;284;PowerCoat;2021;NA;71;164;3;3
1319;284;PowerCoat;2021;NA;52;146;3;3
1320;282;PowerCoat;2021;NA;36;88;3;3
1321;284;PowerCoat;2021;NA;49;172;3;3
1322;282;PowerCoat;2021;NA;38;98;3;3
1323;282;PowerCoat;2021;NA;51;149;3;3
1324;282;PowerCoat;2021;NA;27;58;3;3
1325;284;PowerCoat;2021;NA;34;91;3;3
1326;284;PowerCoat;2021;NA;38;132;3;3
1329;284;PowerCoat;2021;NA;48;100;3;3
1330;284;PowerCoat;2021;NA;26;68;3;3
1343;282;PowerCoat;2021;NA;36;95;3;3
1348;282;PowerCoat;2021;NA;31;63;3;3
1351;283;PowerCoat;2021;NA;54;119;3;3
1353;284;PowerCoat;2021;NA;45;125;3;3
1354;284;PowerCoat;2021;NA;47;97;3;3
1355;282;PowerCoat;2021;NA;66;188;3;3
1357;284;PowerCoat;2021;NA;64;132;3;3
1359;284;PowerCoat;2021;NA;50;156;3;3
1361;284;PowerCoat;2021;NA;62;139;3;3
1362;282;PowerCoat;2021;NA;34;70;3;3
1363;284;PowerCoat;2021;NA;52;150;3;3
1364;282;PowerCoat;2021;NA;49;125;3;3
1365;284;PowerCoat;2021;NA;32;108;3;3
1366;284;PowerCoat;2021;NA;52;149;3;3
1368;282;PowerCoat;2021;NA;36;126;3;3
1369;284;PowerCoat;2021;NA;48;134;3;3
1370;282;PowerCoat;2021;NA;47;92;2;3
1372;282;PowerCoat;2021;NA;53;117;3;3
1375;282;PowerCoat;2021;NA;29;106;3;3
1376;284;PowerCoat;2021;NA;71;133;3;3
1377;282;PowerCoat;2021;NA;57;128;3;3
1378;284;PowerCoat;2021;NA;68;218;3;3
1379;282;PowerCoat;2021;NA;48;103;3;3
1380;284;PowerCoat;2021;NA;58;121;3;3
1382;284;PowerCoat;2021;NA;62;153;3;3
1383;282;PowerCoat;2021;NA;36;91;3;3
1386;282;PowerCoat;2021;NA;42;82;3;3
1387;282;PowerCoat;2021;NA;37;75;3;3
1388;282;PowerCoat;2021;NA;47;105;3;3
1389;282;PowerCoat;2021;NA;33;132;3;3
1390;282;PowerCoat;2021;NA;37;97;3;3
1391;282;PowerCoat;2021;NA;67;111;3;3
1392;282;PowerCoat;2021;NA;32;81;3;3
1393;282;PowerCoat;2021;NA;47;146;3;3
1394;282;PowerCoat;2021;NA;41;141;3;3
1454;282;Mycorrhiza;2021;NA;80;169;3;3
1458;282;Mycorrhiza;2021;NA;8;35;3;3
1460;282;Mycorrhiza;2021;NA;38;61;3;3
1465;284;PowerCoat;2021;NA;23;38;3;3
1469;284;PowerCoat;2021;NA;43;94;3;3
1470;282;PowerCoat;2021;NA;32;95;3;3
1471;284;PowerCoat;2021;NA;38;110;3;3
1472;282;PowerCoat;2021;NA;18;69;3;3
1473;284;Mycorrhiza;2021;NA;1;8;0;3
1474;282;Mycorrhiza;2021;NA;46;85;3;3
1475;282;Mycorrhiza;2021;NA;18;41;3;3
1476;282;Mycorrhiza;2021;NA;13;88;3;3
1477;282;PowerCoat;2021;NA;55;98;3;3
1478;284;PowerCoat;2021;NA;39;70;3;3
1479;282;Mycorrhiza;2021;NA;40;94;3;3
1480;282;Mycorrhiza;2021;NA;47;128;3;3
1245;283;PowerCoat;2021;NA;50;165;2;3
1257;283;PowerCoat;2021;NA;35;125;2;3
1258;283;PowerCoat;2021;NA;25;110;2;3
1439;282;Mycorrhiza;2021;NA;25;80;2;3
1440;282;Mycorrhiza;2021;NA;20;65;3;3
1441;284;Mycorrhiza;2021;NA;40;135;2;3
1442;284;PowerCoat;2021;NA;25;80;3;3
1443;284;PowerCoat;2021;NA;20;80;2;3
1444;282;PowerCoat;2021;NA;45;105;3;3
1445;282;PowerCoat;2021;NA;50;105;3;3
1446;282;PowerCoat;2021;NA;20;80;3;3
1448;284;PowerCoat;2021;NA;15;50;3;3
1449;284;Mycorrhiza;2021;NA;35;75;2;3
1450;282;Mycorrhiza;2021;NA;30;130;3;3
1451;284;Mycorrhiza;2021;NA;30;110;2;3
1452;284;PowerCoat;2021;NA;15;60;3;3
1455;282;Mycorrhiza;2021;NA;20;70;3;3
1456;282;Mycorrhiza;2021;NA;40;135;3;3
1457;284;Mycorrhiza;2021;NA;25;75;3;3
1461;284;PowerCoat;2021;NA;40;100;2;3
1462;284;PowerCoat;2021;NA;20;70;3;3
1463;284;Mycorrhiza;2021;NA;30;105;2;3
1464;284;Mycorrhiza;2021;NA;25;65;3;3
1466;282;PowerCoat;2021;NA;40;75;3;3
1467;284;PowerCoat;2021;NA;25;125;3;3
1468;284;PowerCoat;2021;NA;35;110;3;3
1707;282;PowerCoat;2021;NA;20;80;2;3
1716;284;PowerCoat;2021;NA;60;155;3;3
1719;284;PowerCoat;2021;NA;45;150;3;3
1783;282;PowerCoat;2021;NA;20;85;3;3
1395;280;Mycorrhiza;2021;NA;0;72;3;3
1396;283;Mycorrhiza;2021;NA;0;114;3;3
1397;283;Mycorrhiza;2021;NA;0;86;3;3
1398;283;Mycorrhiza;2021;NA;0;83;3;3
1399;280;Mycorrhiza;2021;NA;0;45;3;3
1400;280;Mycorrhiza;2021;NA;0;64;3;3
1401;280;Mycorrhiza;2021;NA;0;55;3;3
1402;283;Mycorrhiza;2021;NA;0;95;3;3
1403;280;Mycorrhiza;2021;NA;0;61;1;3
1404;280;Mycorrhiza;2021;NA;0;65;3;3
1405;280;Mycorrhiza;2021;NA;0;68;3;3
1406;283;Mycorrhiza;2021;NA;0;77;3;3
1407;281;Mycorrhiza;2021;NA;0;65;2;3
1408;285;Mycorrhiza;2021;NA;0;47;3;3
1409;285;Mycorrhiza;2021;NA;0;37;3;3
1411;285;Mycorrhiza;2021;NA;0;43;3;3
1412;285;Mycorrhiza;2021;NA;0;45;3;3
1413;285;Mycorrhiza;2021;NA;0;37;3;3
1414;285;Mycorrhiza;2021;NA;0;53;3;3
1415;285;Mycorrhiza;2021;NA;0;55;3;3
1417;285;Mycorrhiza;2021;NA;0;42;3;3
1418;285;Mycorrhiza;2021;NA;0;39;3;3
1419;280;Mycorrhiza;2021;NA;0;44;3;3
1420;285;Mycorrhiza;2021;NA;0;48;3;3
1421;285;Mycorrhiza;2021;NA;0;52;3;3
1422;280;Mycorrhiza;2021;NA;0;24;3;3
1423;285;Mycorrhiza;2021;NA;0;40;3;3
1425;280;Mycorrhiza;2021;NA;0;60;3;3
1426;285;Mycorrhiza;2021;NA;0;48;3;3
1427;285;Mycorrhiza;2021;NA;0;64;3;3
1428;283;Mycorrhiza;2021;NA;0;74;3;3
1429;283;Mycorrhiza;2021;NA;0;97;3;3
1431;280;Mycorrhiza;2021;NA;0;59;3;3
1432;285;Mycorrhiza;2021;NA;0;37;3;3
1433;280;Mycorrhiza;2021;NA;0;60;3;3
1434;285;Mycorrhiza;2021;NA;0;46;3;3
1435;283;Mycorrhiza;2021;NA;0;82;3;3
1436;283;Mycorrhiza;2021;NA;0;38;1;3
1437;285;Mycorrhiza;2021;NA;0;58;3;3
860;285;PowerCoat;2021;NA;0;38;3;3
861;285;PowerCoat;2021;NA;0;17;3;3
862;285;PowerCoat;2021;NA;0;15;3;3
864;283;PowerCoat;2021;NA;0;61;3;3
865;285;PowerCoat;2021;NA;0;135;3;3
866;283;PowerCoat;2021;NA;0;80;3;3
867;285;PowerCoat;2021;NA;0;39;3;3
868;283;PowerCoat;2021;NA;0;67;3;3
869;280;Mycorrhiza;2021;NA;0;16;3;3
870;283;Mycorrhiza;2021;NA;0;18;3;3
871;285;PowerCoat;2021;NA;0;15;3;3
872;285;Mycorrhiza;2021;NA;0;13;2;3
873;285;Mycorrhiza;2021;NA;0;14;3;3
874;283;Mycorrhiza;2021;NA;0;11;3;3
875;283;PowerCoat;2021;NA;0;78;3;3
876;285;PowerCoat;2021;NA;0;41;3;3
877;285;PowerCoat;2021;NA;0;27;3;3
878;280;PowerCoat;2021;NA;0;31;3;3
880;285;PowerCoat;2021;NA;0;51;3;3
881;283;PowerCoat;2021;NA;0;67;3;3
882;285;PowerCoat;2021;NA;0;30;3;3
883;285;PowerCoat;2021;NA;0;31;3;3
884;281;PowerCoat;2021;NA;0;62;1;3
887;285;PowerCoat;2021;NA;0;47;3;3
888;283;Mycorrhiza;2021;NA;0;91;3;3
889;283;Fencing;2021;NA;0;83;2;3
890;280;Fencing;2021;NA;0;15;3;3
892;283;Fencing;2021;NA;0;67;2;3
893;280;Fencing;2021;NA;0;23;3;3
894;283;Fencing;2021;NA;0;84;3;3
895;285;Fencing;2021;NA;0;30;1;3
896;283;Fencing;2021;NA;0;78;3;3
897;285;Fencing;2021;NA;0;63;3;3
898;285;Fencing;2021;NA;0;48;3;3
900;283;Mycorrhiza;2021;NA;0;85;2;3
1725;281;Mycorrhiza;2021;NA;0;53;3;3
1726;285;Fencing;2021;NA;0;39;1;3
1727;280;Fencing;2021;NA;0;8;1;3
1731;280;Fencing;2021;NA;0;40;3;3
1734;280;Fencing;2021;NA;0;70;1;3
1737;280;Fencing;2021;NA;0;13;3;3
1753;280;Fencing;2021;NA;41;41;1;3
1757;280;Fencing;2021;NA;0;9;1;3
953;285;Mycorrhiza;2021;NA;0;30;3;3
954;280;Mycorrhiza;2021;NA;0;35;3;3
955;285;Mycorrhiza;2021;NA;0;64;3;3
956;280;Mycorrhiza;2021;NA;0;69;3;3
957;281;Mycorrhiza;2021;NA;0;53;3;3
958;280;Mycorrhiza;2021;NA;0;23;2;3
959;281;Mycorrhiza;2021;NA;0;56;3;3
1710;280;Fencing;2021;NA;0;38;3;3
1712;280;Mycorrhiza;2021;NA;0;96;3;3
1714;283;Fencing;2021;NA;0;77;3;3
1717;285;Fencing;2021;NA;0;63;3;3
1718;285;Fencing;2021;NA;0;40;3;3
1720;285;Fencing;2021;NA;0;40;3;3
1721;283;Fencing;2021;NA;0;66;3;3
1724;283;Fencing;2021;NA;0;78;3;3
1736;280;Fencing;2021;NA;0;44;3;3
1738;283;Fencing;2021;NA;0;58;3;3
1739;280;Fencing;2021;NA;0;67;3;3
929;282;PowerCoat;2021;NA;0;45;3;3
930;284;Mycorrhiza;2021;NA;0;114;3;3
932;284;Mycorrhiza;2021;NA;0;30;3;3
940;282;PowerCoat;2021;NA;0;37;3;3
941;282;PowerCoat;2021;NA;0;17;3;3
942;284;PowerCoat;2021;NA;0;148;3;3
945;284;PowerCoat;2021;NA;0;45;3;3
948;284;PowerCoat;2021;NA;0;87;3;3
949;282;Mycorrhiza;2021;NA;0;57;3;3
952;284;PowerCoat;2021;NA;0;152;3;3
1742;282;Mycorrhiza;2021;NA;0;70;3;3
1746;282;PowerCoat;2021;NA;0;39;3;3
1748;282;PowerCoat;2021;NA;0;64;3;3
1752;284;Mycorrhiza;2021;NA;0;60;1;3
1318;282;PowerCoat;2021;NA;0;136;3;3
1327;282;PowerCoat;2021;NA;0;102;3;3
1328;282;PowerCoat;2021;NA;0;86;3;3
1331;284;PowerCoat;2021;NA;0;140;3;3
1333;284;PowerCoat;2021;NA;0;168;3;3
1334;282;PowerCoat;2021;NA;0;120;3;3
1335;282;PowerCoat;2021;NA;0;145;3;3
1336;284;PowerCoat;2021;NA;0;124;3;3
1337;282;PowerCoat;2021;NA;0;33;3;3
1339;284;PowerCoat;2021;NA;0;142;3;3
1340;284;PowerCoat;2021;NA;0;70;3;3
1341;282;PowerCoat;2021;NA;0;133;3;3
1342;284;PowerCoat;2021;NA;0;154;3;3
1345;284;PowerCoat;2021;NA;0;120;3;3
1349;282;PowerCoat;2021;NA;0;101;3;3
1350;282;PowerCoat;2021;NA;0;133;3;3
1741;285;Mycorrhiza;2021;NA;0;49;3;3
1745;283;Mycorrhiza;2021;NA;0;63;2;3
1750;285;Mycorrhiza;2021;NA;0;45;1;3
1754;283;Mycorrhiza;2021;NA;0;70;2;3
1747;282;PowerCoat;2021;NA;0;79;2;3
1751;282;PowerCoat;2021;NA;0;62;3;3
1755;282;PowerCoat;2021;NA;0;33;3;3
1773;282;PowerCoat;2021;NA;0;37;3;3
1777;282;PowerCoat;2021;NA;0;27;3;3
1230;284;PowerCoat;2021;NA;0;58;2;3
1231;283;PowerCoat;2021;NA;0;65;3;3
1232;280;PowerCoat;2021;NA;0;77;3;3
1246;283;PowerCoat;2021;NA;0;160;3;3
1247;285;PowerCoat;2021;NA;0;50;2;3
1249;285;PowerCoat;2021;NA;0;60;3;3
1250;283;PowerCoat;2021;NA;0;130;3;3
1251;285;PowerCoat;2021;NA;0;54;3;3
1203;283;PowerCoat;2021;NA;0;78;3;3
1204;285;PowerCoat;2021;NA;0;26;3;3
1209;285;PowerCoat;2021;NA;0;55;3;3
1234;280;PowerCoat;2021;NA;0;74;3;3
1236;283;PowerCoat;2021;NA;0;99;3;3
1237;285;PowerCoat;2021;NA;0;32;3;3
1238;280;PowerCoat;2021;NA;0;42;3;3
1239;285;PowerCoat;2021;NA;0;54;3;3
1241;280;PowerCoat;2021;NA;0;55;3;3
1242;285;PowerCoat;2021;NA;0;44;3;3
1243;283;PowerCoat;2021;NA;0;47;2;3
1248;283;PowerCoat;2021;NA;0;104;3;3
1253;283;PowerCoat;2021;NA;0;94;3;3
1254;285;PowerCoat;2021;NA;0;55;3;3
1255;283;PowerCoat;2021;NA;0;78;3;3
1259;285;PowerCoat;2021;NA;0;35;3;3
1187;280;PowerCoat;2021;NA;0;66;3;3
1188;283;PowerCoat;2021;NA;0;98;3;3
1189;283;PowerCoat;2021;NA;0;99;3;3
1190;280;PowerCoat;2021;NA;0;44;3;3
1191;280;PowerCoat;2021;NA;0;50;3;3
1192;280;PowerCoat;2021;NA;0;51;3;3
1193;280;PowerCoat;2021;NA;0;45;3;3
1194;283;PowerCoat;2021;NA;0;89;3;3
1195;285;PowerCoat;2021;NA;0;17;3;3
1196;283;PowerCoat;2021;NA;0;80;3;3
1197;285;PowerCoat;2021;NA;0;36;3;3
1198;280;PowerCoat;2021;NA;0;29;3;3
1199;283;PowerCoat;2021;NA;0;74;3;3
1200;285;PowerCoat;2021;NA;0;29;3;3
1201;283;PowerCoat;2021;NA;0;66;3;3
1202;283;PowerCoat;2021;NA;0;74;3;3
1205;283;PowerCoat;2021;NA;0;94;3;3
1206;280;PowerCoat;2021;NA;0;47;3;3
1210;285;PowerCoat;2021;NA;0;38;3;3
1211;283;PowerCoat;2021;NA;0;115;3;3
1212;285;PowerCoat;2021;NA;0;47;3;3
1213;283;PowerCoat;2021;NA;0;97;3;3
1214;283;PowerCoat;2021;NA;0;110;3;3
1215;285;PowerCoat;2021;NA;0;67;3;3
1217;281;PowerCoat;2021;NA;0;68;3;3
1218;283;PowerCoat;2021;NA;0;80;3;3
1219;283;PowerCoat;2021;NA;0;70;3;3
1220;285;PowerCoat;2021;NA;0;41;3;3
1221;285;PowerCoat;2021;NA;0;37;3;3
1222;283;PowerCoat;2021;NA;0;93;3;3
1223;285;PowerCoat;2021;NA;0;38;3;3
1224;283;PowerCoat;2021;NA;0;98;3;3
1226;282;PowerCoat;2021;NA;0;53;3;3
1227;280;PowerCoat;2021;NA;0;47;3;3
1228;285;PowerCoat;2021;NA;0;26;3;3
1256;283;PowerCoat;2021;NA;0;95;3;3
1260;283;PowerCoat;2021;NA;0;89;3;3
1261;285;PowerCoat;2021;NA;0;28;3;3
1262;283;PowerCoat;2021;NA;0;102;3;3
1263;280;PowerCoat;2021;NA;0;40;3;3
1264;285;PowerCoat;2021;NA;0;24;3;3
1266;283;PowerCoat;2021;NA;0;92;3;3
1267;280;PowerCoat;2021;NA;0;32;3;3
1268;285;PowerCoat;2021;NA;0;37;3;3
1269;283;PowerCoat;2021;NA;0;58;3;3
1270;285;PowerCoat;2021;NA;0;34;3;3
1271;283;PowerCoat;2021;NA;0;101;3;3
1272;285;PowerCoat;2021;NA;0;37;3;3
1273;283;PowerCoat;2021;NA;0;93;3;3
1274;285;PowerCoat;2021;NA;0;37;3;3
1275;283;PowerCoat;2021;NA;0;98;3;3
1276;283;PowerCoat;2021;NA;0;55;3;3
1277;285;PowerCoat;2021;NA;0;25;3;3
1278;283;PowerCoat;2021;NA;0;123;3;3
1279;283;PowerCoat;2021;NA;0;79;3;3
1280;283;PowerCoat;2021;NA;0;117;3;3
1281;280;PowerCoat;2021;NA;0;85;3;3
1282;285;PowerCoat;2021;NA;0;38;3;3
1284;283;PowerCoat;2021;NA;0;96;3;3
1285;285;PowerCoat;2021;NA;0;28;3;3
1286;283;PowerCoat;2021;NA;0;73;3;3
1287;280;PowerCoat;2021;NA;0;62;3;3
1288;283;PowerCoat;2021;NA;0;107;3;3
1289;285;PowerCoat;2021;NA;0;26;3;3
1290;283;PowerCoat;2021;NA;0;85;3;3
1291;280;PowerCoat;2021;NA;0;57;3;3
1292;283;PowerCoat;2021;NA;0;73;3;3
1293;285;PowerCoat;2021;NA;0;37;3;3
1294;283;PowerCoat;2021;NA;0;84;3;3
1295;280;PowerCoat;2021;NA;0;69;3;3
1296;285;PowerCoat;2021;NA;0;42;3;3
1297;283;PowerCoat;2021;NA;0;80;3;3
1298;283;PowerCoat;2021;NA;0;110;3;3
1299;285;PowerCoat;2021;NA;0;34;3;3
1300;285;PowerCoat;2021;NA;0;41;3;3
1301;283;PowerCoat;2021;NA;0;52;3;3
1302;283;PowerCoat;2021;NA;0;115;3;3
1303;285;PowerCoat;2021;NA;0;48;3;3
1304;283;PowerCoat;2021;NA;0;102;3;3
1305;285;PowerCoat;2021;NA;0;73;3;3
1306;283;PowerCoat;2021;NA;0;90;3;3
1134;283;Fencing;2021;NA;0;20;3;3
1136;280;Fencing;2021;NA;0;17;3;3
1137;282;Fencing;2021;NA;0;84;3;3
1140;280;Fencing;2021;NA;0;35;3;3
1141;280;Fencing;2021;NA;0;83;3;3
1142;282;Fencing;2021;NA;0;45;2;3
1143;282;Fencing;2021;NA;0;29;3;3
1144;283;Fencing;2021;NA;0;52;3;3
1147;284;Fencing;2021;NA;0;7;3;3
1150;282;Fencing;2021;NA;0;28;3;3
1152;280;Fencing;2021;NA;0;15;3;3
1154;285;Fencing;2021;NA;0;76;3;3
1157;284;Fencing;2021;NA;0;89;3;3
1158;284;Fencing;2021;NA;0;108;3;3
1159;283;Fencing;2021;NA;0;34;3;3
1160;282;Fencing;2021;NA;0;60;3;3
1163;280;Fencing;2021;NA;0;17;3;3
1165;283;Fencing;2021;NA;0;15;3;3
1168;283;Fencing;2021;NA;0;32;3;3
1169;284;Fencing;2021;NA;0;76;3;3
1171;285;Fencing;2021;NA;0;27;3;3
1172;283;Fencing;2021;NA;0;10;3;3
1173;285;Fencing;2021;NA;0;14;3;3
1174;285;Fencing;2021;NA;0;7;3;3
1175;285;Fencing;2021;NA;0;31;3;3
1176;280;Fencing;2021;NA;0;38;3;3
1177;283;Fencing;2021;NA;0;30;2;3
1178;285;Fencing;2021;NA;0;28;3;3
1179;284;Fencing;2021;NA;0;66;1;3
1180;280;Fencing;2021;NA;0;45;3;3
1181;284;Fencing;2021;NA;0;40;2;3
1182;284;Fencing;2021;NA;0;51;1;3
1183;283;Fencing;2021;NA;0;76;3;3
960;285;Mycorrhiza;2021;NA;0;40;3;3
961;280;Mycorrhiza;2021;NA;0;34;3;3
962;285;Mycorrhiza;2021;NA;0;30;3;3
963;280;Mycorrhiza;2021;NA;0;30;3;3
965;283;Mycorrhiza;2021;NA;0;57;3;3
967;283;Fencing;2021;NA;0;44;3;3
968;280;Fencing;2021;NA;0;54;3;3
969;283;Fencing;2021;NA;0;60;3;3
970;283;Fencing;2021;NA;0;73;3;3
971;285;Fencing;2021;NA;0;35;3;3
972;284;Fencing;2021;NA;0;57;3;3
973;283;Fencing;2021;NA;0;90;3;3
974;283;Fencing;2021;NA;0;70;3;3
976;280;Fencing;2021;NA;0;55;3;3
978;283;Fencing;2021;NA;0;70;3;3
981;283;Fencing;2021;NA;0;70;3;3
982;280;Fencing;2021;NA;0;52;3;3
1146;282;Fencing;2021;NA;0;28;2;3
1149;284;Fencing;2021;NA;0;47;3;3
1153;283;Fencing;2021;NA;0;63;3;3
1156;282;Fencing;2021;NA;0;29;2;3
1185;285;Fencing;2021;NA;0;90;2;3
979;282;Mycorrhiza;2021;NA;0;103;3;3
980;282;Mycorrhiza;2021;NA;0;83;3;3
983;285;Mycorrhiza;2021;NA;0;20;3;3
984;285;Mycorrhiza;2021;NA;0;52;3;3
985;281;Mycorrhiza;2021;NA;0;34;3;3
986;285;Mycorrhiza;2021;NA;0;47;3;3
987;285;Mycorrhiza;2021;NA;0;30;3;3
988;283;Mycorrhiza;2021;NA;0;45;3;3
989;282;Mycorrhiza;2021;NA;0;98;3;3
990;280;Mycorrhiza;2021;NA;0;66;3;3
991;285;Mycorrhiza;2021;NA;0;26;3;3
993;282;Mycorrhiza;2021;NA;0;56;3;3
994;282;Mycorrhiza;2021;NA;0;40;3;3
995;285;Mycorrhiza;2021;NA;0;33;3;3
996;285;Mycorrhiza;2021;NA;0;52;3;3
997;282;Mycorrhiza;2021;NA;0;75;3;3
998;282;Mycorrhiza;2021;NA;0;30;3;3
1071;282;Fencing;2021;NA;0;24;3;3
1072;285;Fencing;2021;NA;0;26;3;3
1075;283;Fencing;2021;NA;0;53;2;3
1105;285;Fencing;2021;NA;0;73;3;3
1106;283;Fencing;2021;NA;0;72;3;3
1107;282;Fencing;2021;NA;0;60;3;3
1109;284;Fencing;2021;NA;0;51;2;3
1113;282;Fencing;2021;NA;0;74;3;3
1118;284;Fencing;2021;NA;0;70;3;3
1120;283;Fencing;2021;NA;0;78;3;3
1121;282;Fencing;2021;NA;0;32;3;3
1123;282;Fencing;2021;NA;0;53;3;3
1125;280;Fencing;2021;NA;0;58;3;3
1131;285;Fencing;2021;NA;0;38;3;3
1133;280;Fencing;2021;NA;0;12;3;3
1098;285;Fencing;2021;NA;0;49;3;3
1099;285;Fencing;2021;NA;0;26;3;3
1100;284;Fencing;2021;NA;0;51;2;3
1101;282;Fencing;2021;NA;0;25;3;3
1102;285;Fencing;2021;NA;0;55;3;3
1103;283;Fencing;2021;NA;0;63;3;3
1104;282;Fencing;2021;NA;0;44;3;3
1110;282;Fencing;2021;NA;0;44;3;3
1111;282;Fencing;2021;NA;0;65;3;3
1112;284;Fencing;2021;NA;0;66;3;3
1114;280;Fencing;2021;NA;0;57;3;3
1115;283;Fencing;2021;NA;0;25;2;3
1116;285;Fencing;2021;NA;0;45;3;3
1024;284;Mycorrhiza;2021;NA;0;95;3;3
1027;285;Mycorrhiza;2021;NA;0;68;3;3
1032;285;Mycorrhiza;2021;NA;0;40;3;3
1036;285;Mycorrhiza;2021;NA;0;87;3;3
1037;285;Mycorrhiza;2021;NA;0;57;3;3
1038;285;Mycorrhiza;2021;NA;0;86;3;3
1040;281;Mycorrhiza;2021;NA;0;68;3;3
1041;285;Mycorrhiza;2021;NA;0;37;3;3
1043;282;Mycorrhiza;2021;NA;0;35;3;3
1044;283;Mycorrhiza;2021;NA;0;77;3;3
1045;285;Mycorrhiza;2021;NA;0;110;3;3
1046;284;Mycorrhiza;2021;NA;0;36;3;3
1047;283;Mycorrhiza;2021;NA;0;25;3;3
1048;280;Mycorrhiza;2021;NA;0;60;3;3
1050;283;Mycorrhiza;2021;NA;0;65;3;3
1051;283;Mycorrhiza;2021;NA;0;80;3;3
1052;285;Mycorrhiza;2021;NA;0;38;3;3
1053;282;Mycorrhiza;2021;NA;0;47;3;3
1054;283;Mycorrhiza;2021;NA;0;73;3;3
1057;282;Mycorrhiza;2021;NA;0;90;3;3
1058;284;Mycorrhiza;2021;NA;0;60;3;3
30674;280;Mycorrhiza;2021;NA;0;128;3;3
30681;280;Mycorrhiza;2021;NA;0;30;3;3
30682;285;Mycorrhiza;2021;NA;0;65;3;3
1059;283;Fencing;2021;NA;0;65;3;3
1060;280;Fencing;2021;NA;0;27;2;3
1061;282;Fencing;2021;NA;0;60;3;3
1062;282;Fencing;2021;NA;0;37;1;3
1063;284;Fencing;2021;NA;0;47;3;3
1064;285;Fencing;2021;NA;0;60;3;3
1065;284;Fencing;2021;NA;0;27;3;3
1066;282;Fencing;2021;NA;0;14;3;3
1067;282;Fencing;2021;NA;0;35;3;3
1068;282;Fencing;2021;NA;0;76;2;3
1069;283;Fencing;2021;NA;0;129;3;3
1070;284;Fencing;2021;NA;0;70;3;3
1074;285;Fencing;2021;NA;0;20;3;3
1079;285;Fencing;2021;NA;0;56;3;3
1080;282;Fencing;2021;NA;0;31;3;3
1081;280;Fencing;2021;NA;0;49;3;3
1082;285;Fencing;2021;NA;0;30;3;3
1083;282;Fencing;2021;NA;0;59;1;3
1084;283;Fencing;2021;NA;0;70;3;3
1085;283;Fencing;2021;NA;0;51;3;3
1086;280;Fencing;2021;NA;0;57;3;3
1087;285;Fencing;2021;NA;0;33;3;3
1088;280;Fencing;2021;NA;0;96;3;3
1089;283;Fencing;2021;NA;0;29;2;3
1090;284;Fencing;2021;NA;0;47;2;3
1092;285;Fencing;2021;NA;0;25;3;3
1093;285;Fencing;2021;NA;0;43;3;3
1095;282;Fencing;2021;NA;0;40;3;3
1096;284;Fencing;2021;NA;0;51;3;3
1126;285;Fencing;2021;NA;0;20;3;3
1128;283;Fencing;2021;NA;0;51;3;3
1129;280;Fencing;2021;NA;0;41;3;3
1130;284;Fencing;2021;NA;0;75;3;3
1520;284;Mycorrhiza;2021;NA;0;74;3;3
1521;285;Mycorrhiza;2021;NA;0;45;3;3
1522;285;Mycorrhiza;2021;NA;0;40;3;3
1523;282;Mycorrhiza;2021;NA;0;60;3;3
1524;285;Mycorrhiza;2021;NA;0;26;3;3
1525;282;Mycorrhiza;2021;NA;0;51;2;3
1527;280;Mycorrhiza;2021;NA;0;40;3;3
1528;282;Mycorrhiza;2021;NA;0;30;3;3
1530;283;Mycorrhiza;2021;NA;0;61;3;3
1531;282;Mycorrhiza;2021;NA;0;21;3;3
1533;283;Mycorrhiza;2021;NA;0;35;3;3
1535;283;Mycorrhiza;2021;NA;0;50;3;3
1536;285;Mycorrhiza;2021;NA;0;28;3;3
1537;280;Mycorrhiza;2021;NA;0;54;3;3
1538;282;Mycorrhiza;2021;NA;0;53;2;3
1541;282;Mycorrhiza;2021;NA;0;56;3;3
1542;284;Mycorrhiza;2021;NA;0;52;3;3
1543;284;Mycorrhiza;2021;NA;0;63;3;3
1547;283;Mycorrhiza;2021;NA;0;44;3;3
1481;285;PowerCoat;2021;NA;0;50;3;3
1483;283;PowerCoat;2021;NA;0;73;3;3
1484;285;PowerCoat;2021;NA;0;60;3;3
1485;285;PowerCoat;2021;NA;0;30;3;3
1486;283;PowerCoat;2021;NA;0;84;3;3
1487;280;PowerCoat;2021;NA;0;48;3;3
1488;282;PowerCoat;2021;NA;0;46;3;3
1489;285;PowerCoat;2021;NA;0;45;3;3
1490;285;PowerCoat;2021;NA;0;70;3;3
1491;283;PowerCoat;2021;NA;0;101;3;3
1492;283;PowerCoat;2021;NA;0;74;3;3
1493;282;PowerCoat;2021;NA;0;47;3;3
1494;285;PowerCoat;2021;NA;0;64;3;3
1495;280;PowerCoat;2021;NA;0;36;3;3
1496;283;PowerCoat;2021;NA;0;100;3;3
1497;284;PowerCoat;2021;NA;0;50;3;3
1499;284;PowerCoat;2021;NA;0;50;3;3
1500;285;PowerCoat;2021;NA;0;58;3;3
1501;284;Mycorrhiza;2021;NA;0;44;3;3
1502;283;Mycorrhiza;2021;NA;0;40;3;3
1503;285;Mycorrhiza;2021;NA;0;35;3;3
1505;280;PowerCoat;2021;NA;0;47;3;3
1506;280;PowerCoat;2021;NA;0;46;3;3
1507;284;Mycorrhiza;2021;NA;0;62;3;3
1508;284;Mycorrhiza;2021;NA;0;57;3;3
1509;285;PowerCoat;2021;NA;0;41;3;3
1511;285;Fencing;2021;NA;0;65;3;3
1512;284;Mycorrhiza;2021;NA;0;57;3;3
1513;284;Mycorrhiza;2021;NA;0;97;3;3
1515;285;Mycorrhiza;2021;NA;0;36;3;3
1516;285;Mycorrhiza;2021;NA;0;45;3;3
1517;285;Mycorrhiza;2021;NA;0;88;3;3
1519;285;PowerCoat;2021;NA;0;30;3;3
1557;282;Mycorrhiza;2021;NA;0;27;3;3
1558;283;Mycorrhiza;2021;NA;0;30;3;3
1563;285;Mycorrhiza;2021;NA;0;46;3;3
1544;281;Mycorrhiza;2021;NA;0;36;3;3
1545;285;Mycorrhiza;2021;NA;0;31;3;3
1548;280;Mycorrhiza;2021;NA;0;44;3;3
1549;285;Mycorrhiza;2021;NA;0;37;3;3
1550;285;Mycorrhiza;2021;NA;0;32;3;3
1551;284;Mycorrhiza;2021;NA;0;33;3;3
1556;284;Mycorrhiza;2021;NA;0;72;3;3
1560;285;Mycorrhiza;2021;NA;0;35;3;3
1561;282;Mycorrhiza;2021;NA;0;45;3;3
1562;283;Mycorrhiza;2021;NA;0;20;3;3